UPDATED APR 2026,,HP Athlete Program,HP Athlete Program,HP Athlete Program,HP Athlete Program,HP Athlete Program,HP Athlete Program,HP Athlete Program,Pathway Progression,HP Athlete Program,HP Coaching,HP Coaching,HP Coaching,HP Coaching,HP Coaching,HP Coaching,Pathway Progression,Pathway Progression,SSSM Enhnancement,HP Coaching,SSSM Enhnancement,SSSM Enhnancement,SSSM Enhnancement,Pathway Progression,Pathway Progression,Pathway Progression,Pathway Progression,,,,,,,,,,,,,,,,,,,,,,,,,,,,,,,,,,,,,,,,,,,,,,,,,,,,,,,,,,,,,,,,,
Sport,Sport Type,Avg Athlete Training Days (PSO-directed),Avg Competition Days,% Athletes Directed by PSO/Club YTP,% Athletes Completed CAC Safe Sport,% Athletes MSK Screen (12 mo),% Athletes Fitness Tested ?2x/yr,% Athletes Attended NSO Events,% Athletes Registered with CSI Pacific,% Athletes Prov Dev 1,% Coaches Financially Supported by PSO,% Coaches with NCCP Safe Sport,% Coaches Attended NSO Events,% Coaches Registered with CSI Pacific,% Coaches with Comp-Dev Certification,% Coaches with Pro Coach Status,Avg % of BC Athletes Selected to NT,Avg % Domestic Medals Won by BC Athletes/Teams,Targeted Athlete per Practitioner,Athlete:Coach Ratio,% Athletes Accessing Sport Sci/Med,Avg PSO-directed S&C Days,% Athletes Directed by S&C Plan,% Avg Conversions to Any Level (4y),Total Conversion Prov?Nat (4y),"Avg Years Targeted (Prov Dev, 2025–26)",% SC Carded Athletes Based in BC,Sport,Avg Athlete Training Days (PSO-directed)70th Perc,Avg Competition Days70th Perc,% Athletes Directed by PSO/Club YTP70th Perc,% Athletes Completed CAC Safe Sport70th Perc,% Athletes MSK Screen (12 mo)70th Perc,% Athletes Fitness Tested ?2x/yr70th Perc,% Athletes Attended NSO Events70th Perc,% Athletes Registered with CSI Pacific70th Perc,% Athletes Prov Dev 170th Perc,% Coaches Financially Supported by PSO70th Perc,% Coaches with NCCP Safe Sport70th Perc,% Coaches Attended NSO Events70th Perc,% Coaches Registered with CSI Pacific70th Perc,% Coaches with Comp-Dev Certification70th Perc,% Coaches with Pro Coach Status70th Perc,Avg % of BC Athletes Selected to NT70th Perc,Avg % Domestic Medals Won by BC Athletes/Teams70th Perc,Practitioners per Targeted Athlete70th Perc,Athlete:Coach Ratio70th Perc,% Athletes Accessing Sport Sci/Med70th Perc,Avg PSO-directed S&C Days70th Perc,% Athletes Directed by S&C Plan70th Perc,% Avg Conversions to Any Level (4y)70th Perc,% Avg Conversion Prov?Nat (4y)70th Perc,"Avg Years Targeted (Prov Dev, 2025–26)70th Perc",% SC Carded Athletes Based in BC70th Perc,HP Athlete Program 70 total,HP Coaching 70th total,Pathway Progression 70th total,SSSM Enhancement 70th total,TOTAL REPORT SCORE 70th Total,Rank Category Athlete Program,Rank Category Coaching,Rank Category Pathway Prog,Rank Category SSSM,FY26Profile,FY26Fitness,FY26Coach,FY26Fund,FY26Total,Rank Profile Category,Rank Fitness Category,Rank Coach Category,Rank Fund Category,FY26 Total Score,Rank Based on Total,TOTAL RANK CATEGORY,PD1 Fees and Dues (EE Actuals 2025),PD1 Daily Training Associated fees (EE Actuals 2025),PD1 Competition Associated fees (EE Actuals 2025),PD1 Camp based fees (EE Actuals 2025),PD1 Other Fees (EE Actuals 2025),PD1 TOTAL (EE Actuals 2025),PD2 Fees and Dues (EE Actuals 2025),PD2 Daily Training Associated fees (EE Actuals 2025),PD2 Competition Associated fees (EE Actuals 2025),PD2 Camp based fees (EE Actuals 2025),PD2 Other Fees (EE Actuals 2025),PD2 TOTAL (EE Actuals 2025),,Comment 1,Comment 2,Comment 3,Comment 4
Alpine Ski,CGS,81.66666667,46,93.33333333,100,33.33333333,100,100,40,33.33333333,100,100,100,93.33333333,73.33333333,6.666666667,37.5,36.80555556,7.5,2,43.33333333,58.66666667,33.33333333,26.2,2,3.92,34.7826087,Alpine Ski,No,Yes,No,Yes,No,Yes,Yes,No,No,Yes,Yes,Yes,Yes,Yes,No,Yes,Yes,No,Yes,No,No,No,No,No,Yes,Yes,4,6,4,0,14,Top Third,Top Third,Top Third,Middle Third,4.1,4.5,4.0,3.7,16.3,Top Third,Top Third,Top Third,Top Third,30.3,2,Top Third," $26,000.00 "," $3,000.00 "," $3,000.00 "," $3,000.00 ", $-   ," $35,000.00 ", $-   , $-   , $-   , $-   , $-   , $-   ,Alpine Skiing,"Alpine was more engaged in the process this year, good to see. There is more quality evidence of tracked metrics in physical, technical and gaps through athlete profile. Some better visibility on testing and race times of PD2. Gap analysis was quite clear. Ability to intervene in the competition phase was limited but reasonable in context. Sport costs around weather have been quite impactful to bottom line financial strain. Limited access to Europe this year. Great video analysis, heart rate and bronco informed modifications to fitness. Good monitoring of imbalances between book end FMS engagements. NCCP gaps are monitored well, HP is the biggest gap but challenging to address at the club level. Minimum standards are in place and clear strategies to offer programming to address. EE use of funds is clear and consistently applied. reporting standards were much better this year. The change in funds had the desired affect in my view. ","Good presentation, lots of data and info presented on athletes, good level of monitoring of speed, strength and power along with the mental prep side. Coach education at a high level with a big emphasis on PD.","Strong presentation and good to have Morgan (Head Coach) report on the athlete profiles.  Good to see data informing decision making and some level of engagement with athletes through performance plans (seemed like every 3-4 months). Some comments on monitoring regional FIS level athletes and ACA beginning to track fitness testing standards across Canada.  Limited data management strategy, but certainly have potential given the data that is being captured.  Alpine does coaching well and benefits from coach longevity in the system, that said, younger (particularly female) coaches are harder to recruit into full-time coaching roles, and the gap to HP often takes a lot of experience.  Pathway to National programs seems dubious and while ACA has Devo team, athletes will likely decide whether the cost benefit is greater to go to the NCAA or stay with ACA (Pay to play).  From an athlete perspective, being able to go to university and continue to race is an advantage over committing the same time and resources to the Devo team.   EE funds are used toward program enhancement with good understanding where funds may be deployed.",
Artistic Gymnastics,Judged,237.0833333,9.916666667,100,75,75,62.5,39.58333333,79.16666667,50,66.66666667,91.11111111,13.33333333,48.88888889,77.77777778,20,33.27641494,18.76984127,12,1.066666667,93.75,205.75,100,52.7,23,4.45,9.523809524,Artistic Gymnastics,Yes,No,Yes,No,No,No,No,Yes,Yes,No,Yes,No,No,Yes,Yes,No,No,No,Yes,Yes,Yes,Yes,Yes,Yes,Yes,No,3,4,4,3,14,Top Third,Top Third,Top Third,Top Third,3.3,3.1,2.8,3.0,12.2,Middle Third,Middle Third,Botttom Third,Middle Third,26.2,6,Top Third," $5,000.00 "," $10,000.00 "," $6,000.00 "," $2,000.00 "," $1,000.00 "," $24,000.00 "," $5,000.00 "," $10,000.00 "," $3,000.00 ", $500.00 ," $1,000.00 "," $19,500.00 ",Artistic Gymnastics,"Good presentation and inclusion from other people to provide information.   Good to see Jenn Trew (Gym Can) in attendance.   Good to see the application of the skills matrix in MAG program and long term perspective on skill development versus code of points.  Good evidence from TG on strength interventions but no data to support what is happening.  That said,  CSI Pacific involved and can help in tracking data.  WAG remains a bit of an outlier in the system of gymnastics, where GymBC seems to have more impact in MAG and TG.  Athlete performance advisors are likely a good initiative if modelled off of other sports and personal coaches and athletes are monitored on consistent KPIs to inform athlete performance conversations.","Great presentation by GymBC, There is a range of metrics being tracked from MAG and TG. For MAG, there was a clear outline of skills and how they were scored over the year. For TG they did an excellent job outlining jump height as a KPI and how they plan to improve and monitor. An area for improvement could be around MAGs targeted approach to improve KPIs, as well as a plan to improve collaboration from WAG, as this was stated as a gap. ","Mag passport outlines the needs around score advancement and there is some evidence of timing for skills to be implemented. Repetition of skills is still outlined and competition scores are still the main KPI and intervention. Really good to hear that there is more wholistic monitoring of athlete health and focus.  Trampoline has much clearer strategy on how to get to a system level way to measure success. Although it is all still in the developing stage so there is limited evidence to present. NCCP was presented in a socialized mentorship approach mostly through Mens camps and tramp again. This hints to more of a clear project strategy that needs more direction. Not clear how NCCP standards are being upheld in the club, only the FOP. Good to see a science based project emerging with Sport Sask. Program is trending up, but still has a ways to go. EE funds are spent, but the detail is not clear as it could be. ","Moving in the right direction, little influence at the club level but they are trying to build relationships."
Artistic Swimming,Judged,16,0,100,100,0,100,6.25,68.75,0,28.57142857,85.71428571,0,28.57142857,71.42857143,0,0,11.11111111,16,2.285714286,56.25,0,56.25,,,,0,Artistic Swimming,No,No,Yes,Yes,No,Yes,No,No,No,No,No,No,No,Yes,No,No,No,No,No,No,No,No,No,No,No,No,3,1,0,0,4,,,,,,,,,,,,,,,#N/A,#N/A," $29,000.00 "," $10,000.00 "," $10,200.00 "," $20,500.00 "," $1,050.00 "," $70,750.00 "," $20,500.00 "," $5,000.00 "," $5,550.00 "," $7,200.00 ", $525.00 ," $38,775.00 ",Artistic Swimming,,,,
Athletics,CGS,0,6.666666667,93.69369369,35.13513514,9.90990991,91.89189189,7.207207207,80.18018018,36.03603604,24.52830189,52.83018868,3.773584906,56.60377358,47.16981132,7.547169811,22.48862284,27.97676559,2.134615385,2.094339623,41.44144144,0,68.46846847,32.1,23,4.12,13.15789474,Athletics,No,No,No,No,No,No,No,Yes,No,No,No,No,No,No,No,No,No,Yes,Yes,No,No,No,No,Yes,Yes,No,0,1,3,1,5,Botttom Third,Botttom Third,Middle Third,Middle Third,1.7,1.7,2.2,3.2,8.7,Botttom Third,Botttom Third,Botttom Third,Middle Third,13.7,23,Botttom Third," $3,200.00 "," $2,500.00 "," $3,300.00 "," $5,250.00 "," $1,500.00 "," $15,750.00 "," $2,200.00 "," $1,000.00 "," $2,500.00 ", $700.00 ," $1,500.00 "," $7,900.00 ",Athletics,"A presentation that seems to defend the use of EE funding and barriers/challenges to aligning to EE standards.  While I agree that having many different events can be challenging, the process to use data informed decision making can be consistently applied across the events.  What will be different is the type of data chosen.  Coaching remains a common issue where There does not seem to be the same interaction with coaches that similar sports enjoy (swimming, xcountry).  Use of EE funding is allocated to team based projects largely around attendance at national championships.  While this is unique for athletics, it does raise some questions whether there are some camp based elements that could be included as staging to these events.
","Little contact with athletes outside of Team BC events. Working on PD events and hired a coach developer, more qualified coaches with Team BC and offer coach development grants. Suggest gaps in what NCCP offers and what coaches need, BCA instituting minimum standards in coaching in BC.","Use of funds is clearly articulated but is most directed to technical leadership and performance participation BC Team programming. Good addition of IST travel, but is 6 weeks out enough time to create positive intervention...and are any interventions provided tracked to understand performance potential? The plan outlined was largely driven by results. Despite higher standards it hasn't yielded more visibility with coaches. I did not see a clear plan, as outlined in their letter, to better articulate deliverables. The future state of programming proposed is more aligned to the desired visibility level and engagement with club based programming. There could be better use of IST interventions with targeted populations.  Hopefully this is the future state. Meghann does see open to learning and advancing or getting input into the strategy, but it would be great to see more rapid change and a culture shift toward a targeting strategy and greater program insights. ",
Basketball,Team,148.3333333,18.66666667,90.90909091,81.81818182,100,100,18.18181818,45.45454545,0,100,38.88888889,11.11111111,33.33333333,33.33333333,5.555555556,25.92592593,16.66666667,0.733333333,0.611111111,100,125,100,20.6,2,1.79,5.063291139,Basketball,No,Yes,No,No,Yes,Yes,No,No,No,Yes,No,No,No,No,No,No,No,Yes,Yes,Yes,Yes,Yes,No,No,No,No,3,2,0,4,9,Top Third,Middle Third,Botttom Third,Top Third,2.6,2.3,2.7,2.2,9.7,Botttom Third,Botttom Third,Botttom Third,Botttom Third,18.7,18,Botttom Third, $45.00 ," $7,000.00 "," $6,145.00 "," $1,590.00 "," $2,000.00 "," $16,780.00 ", $45.00 ," $7,000.00 "," $6,145.00 "," $1,590.00 "," $2,000.00 "," $16,780.00 ",Basketball,"Funding use was skipped. Some good mentorship for coaches but no clear plan to address NCCP gaps. No evidence of testing data changes, good evidence of athlete programming, small group coaching and targeted competition/skill development opportunities. Would love to see the mico KPIs that are monitored to show change against the macro KPI (ie dribble hand off or pick and roll)  ",Good presentation however lacking in concrete evidence. Didn't identify any KPI's and how to improve these through testing procedures.  Did not indicate if they have any diagnostics that would follow an FMS .Not clear if fitness testing is making any difference. Some good work going on but I feel that they need to become more targeted with the EE funds and use the money they generate for HP to 'touch everyone in the program'.,Similar presentation to previous years - Anecdotal KPIs with limited data to inform progression over time.  Need to follow up on targeted list and ensure they are registering both athlete and coaches.  Coach pathway is still challenging and limited by NCCP qualifications.  Pathway progression will always struggle until they are able to enhance programming in nextgen space which is largely the role of post-secondary institutions and need NSO leadership to change the paradigm.  SSSM is solid and they are able to 'safeguard' athletes that are in the provincial program.  Also good to know that they are identifying athletes that can move to a higher level as opposed to athletes that 'survive' club and HS programming.,
Biathlon,CGS,201.5,17.1,76.66666667,73.33333333,40,86.66666667,80,63.33333333,36.66666667,70,50,100,100,70,30,29.16666667,31.11111111,7.5,3,86.66666667,58.7,63.33333333,44,4,3.9,15.38461538,Biathlon,Yes,No,No,No,No,No,Yes,No,No,No,No,Yes,Yes,No,Yes,No,No,No,No,No,No,No,Yes,No,Yes,No,2,3,2,0,7,Middle Third,Top Third,Middle Third,Middle Third,4.4,4.3,4.0,3.7,16.4,Top Third,Top Third,Top Third,Top Third,23.4,12,Middle Third," $2,000.00 "," $22,000.00 "," $24,500.00 "," $6,500.00 ", $700.00 ," $55,700.00 ", $100.00 ," $8,600.00 "," $12,500.00 "," $6,500.00 ", $350.00 ," $28,050.00 ",Biathlon,"Great presentation. Stronger this year than last and kept to timing while hitting the majority of areas we are looking to see with a good level of detail. Would like to see the change to stronger data systems, but they do an excellent job with what they have. Good report card, system supports and excellent coach standards with club relationships ",Really solid presentation and evidence.  Nice to know that there is a bit of a database behind the athlete report cards.  Good overview of PD athletes who are actively registered and one attending CSS in PG.  Nice overview of IPP and Annual plans and how gaps inform the training process. Good overall program interventions and use of EE funding.  It would be good to identify other strategies (DND) to keep athletes in pathway longer which is happening to some degree.  Also curious how the data can be secured so that more analysis can be done on year on year improvement.  Important to ensure ongoing succession with Jessica going on maternity leave. ,Some very strong evidence provided. Starting to see good results within Canada and is putting BC athletes on the Olympic team. Great storytelling and EE funds are being put to good use. More athletes are being retained in the system and training for longer.,
Canoe Kayak,CGS,164.3,16,100,100,100,100,40,100,40,85.71428571,57.14285714,0,57.14285714,71.42857143,14.28571429,11.07142857,19.21624128,0.909090909,1.428571429,90,54,0,41.7,2,3.71,6.976744186,Canoe Kayak,Yes,No,Yes,Yes,Yes,Yes,No,Yes,Yes,Yes,No,No,No,Yes,No,No,No,Yes,Yes,No,No,No,Yes,No,No,No,6,3,2,1,12,Top Third,Top Third,Middle Third,Middle Third,4.0,4.2,4.0,3.0,15.2,Top Third,Top Third,Top Third,Middle Third,27.2,3,Top Third," $7,000.00 "," $4,000.00 "," $6,125.00 ", $500.00 ," $1,500.00 "," $19,125.00 "," $7,000.00 "," $4,000.00 "," $4,125.00 ", $500.00 ," $1,000.00 "," $16,625.00 ",CanoeKayak,"A good program is clearly improving. Stronger technique analytics are being paired with very good fitness and strength tracking. I like that they are showing clear KPI's and interventions across both key disciplines. Not many sports are doing this well. Strong club integration, despite a small active athlete pool this is still very good. NSO benchmarks are well informed into the programming. They have NCCP trainers and evaluators who can support this system, but as with many sports can overly training when they want, rather need the NSO to take the lead. Good service engagements for testing, I like their service approach of sponsor or low cost with high value to the program dollars. Strong mentor programs and strategies to build next gen coaches. Well engaged in viaSport mentorship programs. IST is engaged and they are widening the reach and frequency. They expressed some challenges with rowing and u-sport. They have some strategies but could do more to keep folks engaged when they move into other age categories that are more aligned to a u-sport path. ","Great presentation by Canoe/Kayak. There is a ton of metric tracking from comp standards, technical, physical, training volume, mental performance, and health. The coach development was well done, with monthly PD sessions and mentorship opportunities. Overall great information, an area for improvement would be to be concise on what what they are tracking, how they are addressing it, and a follow up with improvements. ",Presented some thorough data around the athlete testing and tracking. Some really good work on the coaching side particularly around coach mentorship.,
Cross Country Skiing,CGS,34.35,20.75,93.24324324,100,56.75675676,89.18918919,29.72972973,85.13513514,27.02702703,73.33333333,100,33.33333333,66.66666667,66.666667,13.33333333,27.77777778,41.66666667,9.25,4.933333333,68.91891892,66,82.43243243,33.3,11,3.56,25,Cross Country Skiing,No,Yes,No,Yes,No,No,No,Yes,No,No,Yes,No,No,No,No,No,Yes,No,No,No,No,No,No,Yes,No,Yes,2,1,4,0,7,Middle Third,Botttom Third,Top Third,Middle Third,5.0,5.0,4.8,5.0,19.8,Top Third,Top Third,Top Third,Top Third,26.8,4,Top Third, $150.00 ," $4,000.00 "," $8,000.00 "," $3,000.00 ", $-   ," $15,150.00 ", $400.00 ," $3,000.00 "," $6,000.00 "," $2,500.00 ", $-   ," $11,900.00 ",Cross Country Skiing,"Cross Country is clearly leading in this space. They have strong fund diversification that allows them to build strong strategy and commit to a high level of club engagement, streamlined data solutions and evidence based interventions. Athlete agreements and minimum coach standards are in place. They have good line of site on gaps in coaching and have a willingness to engage with viaSport on furthering the impact. Clear use of funds with good understanding of the impact in each pillar. ","Very solid presentation with highly sophisticated use of data to inform decision making.  Clearly meeting all of the EE objectives and able to speak to program enhancements.  The presentation would be good to share with other PSOs in future powering podiums.  Need to examine how data integrations can be share across sector to preserve CSI Pacific IP, but help to build data infrastructure for other sports.   Also good to follow up on Comp-Dev multi sport delivery and how to tailor deliver to CC Coaches.  It would be good for CCBC to identify a coach for UBC program.",,
Curling,Team,81.66666667,40.41666667,100,100,100,100,14.81481481,62.96296296,12.03703704,34.04255319,70.21276596,23.40425532,48.93617021,17.0212766,4.255319149,22.22222222,12.82051282,9,2.29787234,100,112.0833333,100,16.5,9,3.54,2.564102564,Curling,No,Yes,Yes,Yes,Yes,Yes,No,No,No,No,No,No,No,No,No,No,No,No,No,Yes,Yes,Yes,No,No,No,No,5,0,0,3,8,Top Third,Botttom Third,Botttom Third,Top Third,4.3,4.5,3.8,4.5,17.0,Top Third,Top Third,Top Third,Top Third,25.0,9,Middle Third," $1,500.00 "," $1,000.00 "," $15,000.00 "," $1,500.00 "," $1,000.00 "," $20,000.00 "," $1,500.00 "," $1,000.00 "," $15,000.00 "," $1,500.00 "," $1,000.00 "," $20,000.00 ",Curling,"Curl BC had a great presentation! They have a high standard for testing and monitoring, and a lot of work has gone in to the development of this. It is great that they are combining technical/tactical video analysis with physical testing and ensuring it is accessible for athletes across the province. From a coaching perspective, they provide various opportunities for coaches - comp coach courses, encouraging other females to do the CAC WAGE program, Curl BC rockslide camp - on/off ice support and HP coach development program which includes 6-7 virtual workshops for coaching like philosophy/goal setting. They did a good job highlighting their funding and future goals as well. ","Excellent presentation by Kayla and Lindsay with support from Melissa and Scott.  Clear evidence of data tracking of KPIs and fitness results for targeted athletes with some ability to create athlete report cards (IPP).  Nice to see ongoing implementation of athlete journal.  In addition, some good information in interventions including S&C and technical feedback using video and curling specific technology.  While they are centralizing data, they could use support in report generation which could be enhanced through CSI Pacific data solutions.  Good to hear some strategies on how to use data to impact athlete personal or team coaches in a decentralized program, but more collaboration is desired in personal coach engagement.   Some good strategies around coaching education with some evidence for Comp-intro coaches.  While provincial coaches have or achieving Comp-Dev certification, it was not clear if there was a pathway to support HP coaches obtaining NCCP Comp-Dev qualification particularly for those coaches supporting more professional teams.  Excellent breakdown of EE expenditures and use of money, with some funding leveraged through CAC WAGE program which is ending for the next fiscal.   Nice to see that Kayla has applied for the UBC program.
","Programming continues on a positive trend. There are clear enhancements in equipment, quality of analytics deep into the PD2 level. The organization is leading practices in Curling Canada programming. They have good plans to address NCCP deficits and have a good mentorship strategy around coaching, that said their are significant NCCP and cultural gaps to over come. Dedicated HP training environments are well resourced, Victoria more so and new testing is coming on board. Added S&C components and better monitoring are showing results. Interventions on physical and technical are clear. Tactical intervention is missing a bit, would love to see what kind of tracking could be designed around skip analysis. Great work on articulating budget and money use EE and full performance portfolio.  ",Thorough presentation of KPI's and fitness testing. Shared financials and presented what they want to tackle next year. Understand the coaching gaps and have a plan to try and support coaches with PD. Regional centers working well and Victoria center now a regional performance center.
Cycling,CGS,8.25,18.54545455,80.70175439,100,29.8245614,24.56140351,26.31578947,87.71929825,26.31578947,37.5,87.5,41.66666667,62.5,37.5,20.83333333,22.35835802,58.9869281,11.4,2.375,33.33333333,4,71.92982456,36.6,12,3.47,25.71428571,Cycling,No,Yes,No,Yes,No,No,No,Yes,No,No,Yes,No,No,No,Yes,No,Yes,No,No,No,No,No,Yes,Yes,No,Yes,2,2,5,0,9,Middle Third,Middle Third,Top Third,Middle Third,3.1,2.4,2.5,2.6,10.6,Botttom Third,Botttom Third,Botttom Third,Botttom Third,19.6,17,Botttom Third, $800.00 ," $1,350.00 "," $10,500.00 ", $500.00 ," $6,500.00 "," $19,650.00 ", $800.00 ," $1,450.00 "," $10,800.00 ", $525.00 ," $7,000.00 "," $20,575.00 ",Cycling,"Cycling BC had a great presentation. They clearly identified gaps with both athletes (anaerobic power and sustained aerobic capacity). They explained how they will address these gaps while using their YTP. Opportunities for mentorship through camps/high performance projects were highlighted for coaches, as well as utilizing CSI initiatives - ex. UBC program. Funding was mentioned for international race exposure, support athlete monitoring and testing and coach opportunities. An area of improvement could be to provide specific examples of initiatives to help improve the program and coaching opportunities (what's the idea, when is it being implemented, how can individuals access it etc.). Also providing more in-depth monitoring for coaches/athletes - ex using training peaks to add in pieces for strength and conditioning in addition to training loads from training peaks or power monitoring. ","Good data from training peaks on ride training based programs, there is some disconnect between what i happening in the gym or fms to inform what's happing on bike. The two are tracked but would love to see this more linked and provided in a visualization (like an athlete report card) describing the gaps and successes with the why behind that. Athletes receive great projects that will help them as they reach to the next level. Good club and personal coach connection. Would just like to see that both ends of the path for the athlete (personal coach to NSO) are more informed about how athletes are tracking toward NSO benchmarks. The perfect outcome would be that the NSO is better informed on athletes consistently achieving benchmarks and kpi's to inform selection rather than the current single race out come equals selection approach. Coach data and certification standards need to be addressed better by the NSO. It might help if the NSO is more aware that this is a reporting requirement in BC to help them clean the locker data. ","Shared KPI's and how data is driving coaching interventions. Not much info on athlete testing, athletes are using training peaks and strava for monitoring and data is shared around the group but doesn't seem to be have any security around it. Much more focused presentation than the previous years.","Tara was well prepared for the meeting and did a good job of updating on specific evidence related to the provincial program.  It is good to see more ability to track data, but lack of a centralized data management system makes it difficult to pull data into multi KPI reports.  That said, their is evidence that targeted athlete conversations are happening with personal coaches and these conversations are informed by data through training peaks or power profiling.  There is a sense that the relationships with coaches are more conducive to provincial programming and good to see comp and camp based projects to incentivize targeted athletes, providing high quality athlete experiences.   Coach pathway is a bit of a concern, and while there are good initiatives to engage coaches in the province with professional development, there seems to be a gap in NCCP pathway with many coach lacking or unable to get Comp-Dev status.  Good evidence provided for use of EE funding but may want to show breakdown of project costs and how EE funds are used specifically within a given project (i.e. athlete fees, coaching, travel/accommodation, etc..)"
Diving,Judged,220.2727273,15.09090909,94.11764706,5.882352941,11.76470588,11.76470588,41.17647059,70.58823529,41.17647059,85.71428571,57.14285714,42.85714286,85.71428571,57.14285714,28.57142857,28.93939394,24.44444444,8.5,2.428571429,23.52941176,92,70.58823529,42.1,2,3.42,0,Diving,Yes,No,No,No,No,No,No,No,Yes,Yes,No,No,Yes,No,Yes,No,No,No,No,No,Yes,No,Yes,No,No,No,2,3,1,1,7,Middle Third,Top Third,Botttom Third,Middle Third,3.3,2.9,2.8,2.6,11.5,Middle Third,Botttom Third,Botttom Third,Botttom Third,18.5,19,Botttom Third," $10,200.00 ", $850.00 ," $14,300.00 "," $1,600.00 ", $930.00 ," $27,880.00 "," $9,650.00 ", $450.00 ," $9,800.00 ", $800.00 , $930.00 ," $21,630.00 ",Diving,"Good presentation on two provincial level divers from Tommy.  Igor was not available for the call due to family circumstances.  Clear KPIs based on code of points, but good observations in adapting (maximizing) training plan due to Saanich pool closure in the fall.  The opportunity to do dryland did have an impact on diving skills (Flexibility).  The pool closure while contributing to a decrease in overall training but had some positive impact on overall training which seem to impact in pool skills.  Good linkages with NSO as Tommy is playing a HP lead role for younger age groups.  Diving Canada is prioritizing syncho diving which has some exposure at the provincial level, but limited by suitable partners which may be in a different club or province.   PSO is doing a great job helping coaches achieve NCCP comp-dev status and proactive approach to identifying junior coaches in BC based High Performance Grants.  Also good to see that 5 coaches attended Diving Canada Camp.  Use of EE funds are well are used to support technical leadership, however, there are concerns if the funds are being used to provide direct athlete funding as opposed to PSO project based funding.  Need to liaise with Igor to discuss LOU and Sprot Science support which would be align to project based enhancement.","Great presentation from Diving BC. They did well at outlining what they wanted to impact (ex. Jackson - pike connection or adding new dives - 4 new total) and listed how they impacted KPIs by describing interventions like stretching and how they utilized progressive overload. It was great to see a YTP for Nixon, seems to follow appropriate progressions through the year.  While some BC based athletes might get assessments done from a technical piece but no physical testing for assessment. BC diving was able to outline how they support coaches - Workshops for coaches + PSO helps contribute to this. HPAD camps are subsidized by PSO as well and coaches from all over the province allowed to attend. An area of improvement from a coaching side would be to highlight specific gaps for coaching, interventions implemented, and follow up on with coaches on how it went the following year. For ex. If it was psychology - what was presented or what takeaways did the coaches have and how did it go implementing it? Overall well done.",Not sure how money is being allocated and who by. Is it benefiting a few athletes or is it across the PSO HP system to support enhancements. Facing some facility challenges over the next 12-18 months. I found evidence was anecdotal and no concrete examples of data informed decision making.,"The dive program is not always clear on how funds impact targeted athletes who are not in the NSO targeted pool. Dollars seem very focused on a select few athletes rather than depth of tracking, monitoring and interventions down the list. Good evidence of specific athlete changes over time. Improved S&C programming for the small pool of top athletes is clearly making an impact. Unsure how club funds or athlete based funding aligns to system enhancement. It would be great to see more directed program benefit like S&C at the club level for targeted athletes (more directed). Coaching success with Canada Games is great, but Dive Can needs to find better ways of meeting the needs of pathway coaches. This limits planning for the PSO and may limit club understanding of HP needs, due to lack of complete education. Dive needs some support further down the pathway (note for viaSport to support) "
Field Hockey,Team,29.25,13.6,90.65420561,18.69158879,0,57.94392523,65.42056075,71.02803738,75.70093458,73.33333333,100,53.33333333,73.33333333,33.33333333,6.666666667,84.58333333,44.44444444,7.642857143,7.133333333,72.89719626,57.5,71.96261682,30.4,42,4.26,85.71428571,Field Hockey,No,No,No,No,No,No,Yes,No,Yes,No,Yes,No,Yes,No,No,Yes,Yes,No,No,No,No,No,No,Yes,Yes,Yes,2,2,5,0,9,Middle Third,Middle Third,Top Third,Middle Third,3.1,3.2,2.8,3.0,12.1,Middle Third,Middle Third,Middle Third,Middle Third,21.1,15,Middle Third," $1,100.00 "," $8,000.00 "," $16,000.00 "," $1,900.00 ", $-   ," $27,000.00 ", $900.00 ," $1,000.00 "," $2,400.00 ", $700.00 , $-   ," $5,000.00 ",Field Hockey,"Good evidence of player assessment happening at PSO level and some communication with NSO and club level coaches.  That said, it is unclear how NSO defines Nextgen and are targeting athletes in the PSO space as opposed to extending the pathway beyond PSO programming.  This creates some confusion over athlete programming, but it does happen more organically as NSO/PSO coaches are managing programming likely in an informal manner.  Mark indicated that the NSO is identifying these athlete so that they can take a variety of national team programs away to competition.  This may actually help FHBC to identify streams toward Higher quality competition, but there needs to be some structure around identification and commitment of athlete to PSO programming (likely prior to) NSO enhance projects.   If managed correctly it could help to identify coaches for NSO projects.  The risk is that the NSO is using these projects as a quasi academy based programming that may not be well managed from an athlete standpoint.  Coaching qualification is frustrating as comp-dev programming is not readily available and or NCCP locker has not been updated.  ",Good evidence provided on all areas. More testing of athletes and MPC support available to PD athletes. Concerns over the large number of athletes that are being pulled up to CAN DEV level by NSO. Its clear that FHBC are working hard to enhance their programming.,"Some positive shifts into a more performance thinking. The increased use of S&C is helpful in monitoring but curious to see what KPI's look like on Tech & Tac when they have a style of play metric. Not clear on how talent id evaluation remains consistent or what that rubric looks like (ie Gym Passport?) Good to see Comp Dev is finally approved, they need some system tools like evaluation capacity and better locker data to progress. Better alignment with the NSO and system supports is progress. ",
Figure Skating,Judged,210,16.4,100,0,0,100,24.3902439,56.09756098,9.756097561,30,30,50,30,80,20,16.94444444,12.82051282,6.833333333,4.1,100,126,100,26.7,5,3.53,5.555555556,Figure Skating,Yes,No,Yes,No,No,Yes,No,No,No,No,No,No,No,Yes,Yes,No,No,No,No,Yes,Yes,Yes,No,No,No,No,3,2,0,3,8,Top Third,Middle Third,Botttom Third,Top Third,2.4,3.0,2.1,2.3,9.8,Botttom Third,Botttom Third,Botttom Third,Botttom Third,17.8,21,Botttom Third," $3,000.00 "," $40,000.00 "," $30,000.00 "," $5,000.00 "," $15,000.00 "," $93,000.00 "," $3,000.00 "," $40,000.00 "," $30,000.00 "," $5,000.00 "," $15,000.00 "," $93,000.00 ",Figure Skating,"Danielle has transitioned into CEO role and needs to hire a technical lead which may occur by April 2026.  Overall there was some good evidence of consistent fitness testing, however, it was difficult to determine the type of off-ice interventions being made and how the S&C program dovetails into the athlete/coach YTP.  That said, if Skate BC is providing the S&C program and other sport science enhancement, they are doing a good job in tailoring an overall PSO YTP that can fit individualized (personal coach) training plans.  I am still not certain how much formalized Performance Planning is driven by the individual coach and would recommend that Skate BC has coaches come into the EE meeting to discuss their programming.  While good alignment to NSO Nextgen fitness measures, there could be enhancements to testing and ensuring that the test data can inform programming as opposed to athlete maturation which can be tricky for younger athletes.   There was some acknowledgement of pathway changes in Skate Canada, and therefore good to update targeting criteria.  It would be good to look at historical conversion data to help inform how athletes are moving through the pathway.  Hoping that coaches are able enhance coaching professional development and it would be good to see if UBC HPCTL may be an option for some coaches.","Figure Skating BC did a great job. They provided testing metrics for 2 of their athletes, and outlined some interventions such as strength and conditioning to enhance strength and power to help with technical skills. An area of improvement could be around, including more strategic plans for interventions following testing, as well as planning to improve female qualification. Lastly, a more clear outline regarding priority for funds and specific projects based on gaps identified. ","Improved clarity around program insights. Good to see that testing has been implemented and results are tracked. Still challenged to engage MPC despite the need being identified, but clearly better use of Sport Science Sport Med overall. It would be good to have better insights into fitness standards, what interventions or programming are prescribed and progress is monitored beyond testing periods. NCCP model is strong but there are identified gaps in aging coaches. Mentorship is being implemented to try to capture next gen coaches. Gap analysis was better than previous years. Some deeper understanding of how programming and SS/SM inform athlete advancement. Greater consistency of protocol and coach to coach testing variance would be good to see. Camp environment and increased code of points/skill acquisition monitoring are clear enhancements from previous reporting. Breakdown of funding is know but not specifically shared.",More intentional around fitness testing than in previous year. PSO develops YTP but doesn't have any way to enforce its use with coaches. Data stored centrally and coaches have access. Some challenges in decentralization but Skate recognizes these challenges. Some opportunities to collaborate with the PSO to help build and support programming.
Freestyle Ski,CGS,68.36363636,14.5,100,71.79487179,76.92307692,76.92307692,69.23076923,100,58.97435897,56.25,100,75,93.75,56.25,25,32.36111111,30.80808081,4.875,2.4375,71.79487179,55.125,66.66666667,34.5,11,3.52,15.68627451,Freestyle Ski,No,No,Yes,No,No,No,Yes,Yes,Yes,No,Yes,Yes,Yes,No,Yes,No,No,No,No,No,No,No,Yes,Yes,No,No,3,4,3,0,10,Top Third,Top Third,Middle Third,Middle Third,4.4,4.2,3.7,3.3,15.6,Top Third,Top Third,Top Third,Middle Third,25.6,8,Top Third," $7,739.00 "," $4,125.00 "," $9,625.00 "," $15,250.00 ", $500.00 ," $37,239.00 "," $1,618.00 "," $1,375.00 "," $3,208.00 "," $5,083.00 ", $250.00 ," $11,534.00 ",Freestyle Skiing,"Good presentation, showed information on fitness testing and an improvement in performance. Informed in interventions with athletes and also shared programming details. Provided good information on where EE $'s are going and they are working hard in the coaching space.","I liked Graham's tactic on presenting one athlete with the lens of good intervention and gap analysis to change performance and testing outcomes, while the other athlete was more focused on YTP use and programming to enhance their performance. Both had clear gap analysis. All lead to successful outcomes.  They are improving their approach to NCCP and certifying evaluators to support system enhancement was great to see. Good EDI coach initiative too. Strong use of CSI services and clearly better club engagement to talent id. ","Very good presentation particularly identifying athlete monitoring and coaching initiatives.  Clear advantage in liaising with CSI Pacific to help with diagnostics and enhanced programming.  While not presented, Josh did outline the use of EE funding.   That said, they are looking to track EE funding.   Good evidence overall and good linkages emerging between clubs, PSO and NSO programming for both athletes and coaches.",
Judo,Combat,312,17.75,92.59259259,100,0,100,88.88888889,96.2962963,11.11111111,85,45,100,60,55,5,20.22675737,13.42261905,3,1.35,100,80,66.66666667,28.1,5,3.31,7.407407407,Judo,Yes,Yes,No,Yes,No,Yes,Yes,Yes,No,Yes,No,Yes,No,No,No,No,No,Yes,Yes,Yes,Yes,No,No,No,No,No,5,3,1,3,12,Top Third,Top Third,Botttom Third,Top Third,3.2,3.6,3.9,3.0,13.7,Middle Third,Middle Third,Top Third,Middle Third,25.7,7,Top Third," $1,900.00 "," $2,800.00 "," $20,000.00 "," $2,500.00 ", $900.00 ," $28,100.00 "," $1,900.00 "," $2,800.00 "," $21,000.00 "," $2,500.00 ", $900.00 ," $29,100.00 ",Judo,"Judo BC has incorporated some great initiatives with mental performance tactics and performance testing. However, an area of improvement could be around including timelines and actionable steps in their YTP for athletes to achieve their goals whether that's technical, tactical, or physiological. In addition, funding info was provided per athlete, but a summary slide of all expenses and how it was utilized or areas they would like to focus on for the following year would be great. ","Solid presentation and good examples of athlete and coach engagement in provincial program.  Certainly seems to be good support of the provincial program from local coaches and athletes.  Coach 2.0 working well to develop coaches and increase NCCP comp dev qualifications.  Clear standards and incentives are in place to leverage athlete and coach commitment.   Priority of EE funding targeted at Coaching, Travel, and IST support.  Good example of how Provincial program can drive club level coaching and athlete development.",Some good information but not much information about how to win and performing on demand. No plan ion place for athletes from outside the LM other than moving to the LM?,Very high quality program with smart physical benchmarking and testing strategies in place. Addition of an AC has increased capacity to develop athletes. Digging a bit deeper on tactical win % might help advance the already strong metrics and standards. Good competition enhancements and testing with CSI. Clear next steps around MPC use and there is a strong coaching progression in place. Good tools for athlete buy in and a new model for athlete self assessment and learning outcome mapping. 
Rowing,CGS,33.81818182,59.09090909,100,98.24561404,68.42105263,98.24561404,59.64912281,89.47368421,21.05263158,33.33333333,83.33333333,58.33333333,66.66666667,91.66666667,8.333333333,51.63492063,93.33333333,3.166666667,4.75,56.14035088,4,100,31.3,16,2.87,57.77777778,Rowing,No,Yes,Yes,No,No,No,Yes,Yes,No,No,No,Yes,No,Yes,No,Yes,Yes,No,No,No,No,Yes,No,Yes,No,Yes,3,2,5,1,11,Top Third,Middle Third,Top Third,Middle Third,2.9,3.9,3.1,3.4,13.3,Botttom Third,Middle Third,Middle Third,Middle Third,24.3,11,Middle Third," $9,452.00 "," $4,200.00 "," $11,500.00 "," $2,450.00 "," $2,500.00 "," $30,102.00 "," $8,540.00 "," $4,200.00 "," $4,900.00 "," $2,150.00 "," $1,800.00 "," $21,590.00 ",Rowing,Good presentation and provided some good evidence around what is happening in Rowing. They are on top of things and building relationships with local clubs and schools. Identified KPI's and showed testing data over a period of time that showed improvements. Data is informing technical decisions. Gaps in coaching have been identified and mentorship is being deployed to support coaches. EE funds used to fill the gap of Canada Games and Rowing will be back in the CG in 2029.,"Rowing BC outlined the performance metrics they are tracking well, as well as how they are supporting coaches. It's great that there is more of an initiative to travel to individual clubs to work 1:1 with the coaches and I like that a coach education session was provided! An area to address could be how the performance testing is going to impact an athletes YTP as well as specific breakdown in funding allocation to these initiatives. ","Strong presentation and quality evidence of provincial programming.  Good to see the evolution of BC Rowing with Terry in Technical leadership position.  Clear that he is able to build trust with local coaches.  Recommend continuing relationship with CSI Pacific on LOU and leveraging other performance services.  CSI Pacific could assist in creating report cards based on current data which would help drive discussion with coaches and value add for those athletes attending Rowing BC project.  Also recommend to update targeted coach list to include coaches having an impact on provincial programming and ensure NCCP locker is up to date.
","Terry had a stronger presentation this year that last in areas of fitness testing and use of EE funds for project based and csi opportunities. There is a lot of general erg testing but no clear, by athlete, intervention mapping that demonstrates why they are seeing change in erg testing to the positive. Highly dependent on the prep school model to talent. Despite the strong link for talent, there is a lack of visibility in to the DTE or ability to connect athlete training to provincial programing. So good one on one coaching work and nice to see some progress on the advancing coaches in the prep environment to the Comp Dev standard. Demonstrated ability to link athlete to strong schools in the US and still see them return. It would be great to see if they can get more contact in the college DTE. "
Rugby,Team,0,0,78.18181818,70.90909091,54.54545455,65.45454545,18.18181818,27.27272727,25.45454545,25.71428571,20,25.71428571,48.57142857,25.71428571,0,41.55092839,37.5,5.5,1.571428571,54.54545455,0,74.54545455,29,27,3.13,62.5,Rugby,No,No,No,No,No,No,No,No,No,No,No,No,No,No,No,Yes,Yes,No,Yes,No,No,No,No,Yes,No,Yes,0,1,4,0,5,Botttom Third,Botttom Third,Top Third,Middle Third,2.0,2.8,2.5,1.3,8.7,Botttom Third,Botttom Third,Botttom Third,Botttom Third,13.7,23,Botttom Third, $500.00 ," $1,000.00 "," $12,000.00 ", $200.00 ," $2,000.00 "," $15,700.00 ", $500.00 ," $1,000.00 "," $4,800.00 ", $200.00 ," $1,000.00 "," $7,500.00 ",Rugby,"About 80% of the presentation was geared toward performance participation and largely focused on Age grade competitions.  That said, BC Rugby influencing competition structure at senior level to help support national team identification.  Women's pathway is well identified with legitimate USPORT opportunities for best players and BC Rugby supporting some programming at this level.  Men's pathway is hard to articulate beyond U18/19.  No indication on how EE funds are being used to enhance programming.  Possibly 3 enhancements could be identified, 1. International Sevens tournament in December, 2. Testing implementation, but need for better off-field programming and data tracking, 3. Need to target and identify coaches for Comp-Dev training (i.e. if RC cannot deliver this, then pay for coaches to go to NZ to do it).  It would be good to articulate a team sport strategy that directs EE funding as this may help PSO to influence Local level and inform better programming.  (i.e. High Quality Competition, Sport Science embedded programming, targeted coach development).","Good presentation, lots of information on athletes and presented the schedules and possible progression opportunities over the next 2 years. Presented thorough information on coaching development program and how they are addressing the challenges of certification through World Rugby. ","limited visibility on use of funds, Dave identified areas of EE fund priority more than John did. Coaching gaps at the tactical level meet desired level, but technical and testing skills are lacking. No current solve for this, but there is a change to introduce a Comp Int Advance that may be an opportunity to strengthen given the restriction on Comp Dev access. PSO athlete monitoring has improved and more evidence of technical and fitness tools used to measure. Limited buy in or alignment with Club or NSO. Targeted international tour. Starting to see IST in the U17. Not clear around targeted outcomes and pathway has limited ability to target talent or 7s v 15s target. There is not a lot of opportunity for PSO visibility given the seasonal plan. There are clear opportunities to better regulate athlete load but not a clear strategy to engage in change management or get school and club sport to buy in. ",
Sailing,CGS,60.44444444,12.5,100,71.42857143,57.14285714,71.42857143,85.71428571,71.42857143,50,25,100,100,100,75,75,48.33333333,25,2.333333333,3.5,64.28571429,36.83333333,71.42857143,25,0,4,20,Sailing,No,No,Yes,No,No,No,Yes,No,Yes,No,Yes,Yes,Yes,Yes,Yes,Yes,No,Yes,No,No,No,No,No,No,Yes,No,3,5,2,1,11,Top Third,Top Third,Middle Third,Middle Third,3.8,4.0,2.8,2.8,13.4,Middle Third,Top Third,Middle Third,Middle Third,24.4,10,Middle Third," $3,700.00 "," $1,050.00 "," $13,000.00 "," $5,000.00 ", $250.00 ," $23,000.00 "," $3,700.00 "," $1,050.00 "," $13,500.00 "," $5,500.00 ", $200.00 ," $23,950.00 ",Sailing,Great improvements in delivery over the past few years. Clearly recognizes value of CSI services in providing deeper insights and stronger athlete improvements. Much more data informed. I also appreciate the targeted boat choice. Others can learn from this tactic. I would love to see more detail on athletes outside the vic/van area to get a better picture of reach. Good to see NSO alignment improve. Needs a greater strategy on how to monitor and develop engagement strategies for coach development. Possible better insight and programming for PD2 athletes. Could use a clear picture of how funds are spent but it seems clear that IST is a priority for funds. ,"Strong evidence of physical preparation data informed decision making,  things are working well in this space for Sailing. Starting now to look at coach development a little further down the pathway, good numbers on clinics and they seem to be on top of this and know what coaches are certified. Sailing moving in the right direction-Good presentation.",Well prepared with some good evidence of evolving the sailing HP program.  Certainly there is benefit to engaging CSI Pacific practitioners in the S&C space which can be added to with other disciplines in future LOUs.  Also opportunity to look at Data Solutions and creating IPP / Athlete report card.  Good to see athletes moving through the pathway and PSO taking on the NSO DTE responsibilities.   Need collaboration with NSO to identify athlete ready high quality competition opportunities and informing the level of competition off of data.  (i.e. very good example linking strength data to sailing at high wind speeds).,
Snowboard,CGS,71.125,28.22222222,100,100,100,100,100,90,30,100,66.66666667,50,100,50,33.33333333,57.93650794,50,1.111111111,1.666666667,100,260,100,33.3,2,5.3,29.03225806,Snowboard,No,Yes,Yes,Yes,Yes,Yes,Yes,Yes,No,Yes,No,No,Yes,No,Yes,Yes,Yes,Yes,Yes,Yes,Yes,Yes,No,No,Yes,Yes,6,4,5,4,19,Top Third,Top Third,Top Third,Top Third,4.4,4.0,4.0,3.8,16.3,Top Third,Top Third,Top Third,Top Third,35.3,1,Top Third," $8,700.00 "," $2,000.00 "," $47,584.00 "," $24,000.00 "," $6,000.00 "," $88,284.00 "," $8,700.00 "," $2,000.00 "," $24,000.00 "," $18,000.00 "," $4,000.00 "," $56,700.00 ",Snowboard,"Evidence of thorough tracking and data informed decisions, they have a good understanding of where the gaps are in coaching and presented a good action plan to provide PD to coaches.",Solid presentation and good evidence of athlete programming.  Nice to see growth at club level and maturity of clubs to produce snowboard programs. Good identification of Slopestyle athletes which seems to be priority at local level as many athletes do not have consistent access to SBX tracks.  Most evidence is obviously in SBX as BC team has parallel program to NSO.  Good to see slopestyle athletes being put into provincial programming and supported with provincial resources.  Would encourage ongoing growth in clubs. ,"Still a very strong program. Good to see a number or age ranges for programming and a strategy around offering boardx as an option in a camp setting for slope athletes. Strong program standards in place, event and self monitored data to highlight performance insights and energy transfer efficiencies. Clear gap analysis and programming/race strategy. Testing is consistent and sport specific. Good growth in club development in the Slope space. Would love to see some strategies to build hp path for these athletes. Incoming coach may support this to a greater degree.  ",
Swimming,CGS,286,34.91666667,100,25.47169811,100,100,12.26415094,30.18867925,25.47169811,50,37.5,25,58.33333333,62.5,12.5,20.9949415,22.90546315,21.2,4.416666667,100,100,100,33.3,6,2.71,14.81481481,Swimming,Yes,Yes,Yes,No,Yes,Yes,No,No,No,No,No,No,No,No,No,No,No,No,No,Yes,Yes,Yes,No,No,No,No,5,0,0,3,8,Top Third,Botttom Third,Botttom Third,Top Third,3.3,3.3,3.5,4.3,14.3,Middle Third,Middle Third,Middle Third,Top Third,22.3,13,Middle Third, $163.00 ," $3,000.00 "," $6,300.00 ", $250.00 , $-   ," $9,713.00 ", $163.00 ," $2,500.00 "," $5,000.00 ", $400.00 , $-   ," $8,063.00 ",Swimming,"Good evidence of well monitored athletes with improvements to monitoring and testing in Camp settings. Well managed engagement with clubs to get a variety of testing data. Some are more science based and others more test set exclusive. Gaps for each swimmer were clear as was coach interventions but there is limited ability for the PSO to lean in to ensure outcomes are being seen. Great coach engagement and clearly gap to intervention strategy. Para development steps are excellent. Clear budget strategy and enhancements. Race Tech evidence is great, would love to see the uptake rate over time. Opportunity to engage CSI in camp to get some level set across the athlete population.  ",Good presentation and shared some relevant information. Registration numbers across the province are outpacing population share. Identified that clubs are not accountable to Swim BC so they are trying to build relationships with clubs by providing resources. Good work being done in the coach ed space in particular in the area of PD through the Swim BC Congress.,"Swimming BC provided a great outline of their in-water performance tracking metrics, as well as the breakdown in funding allocation. Some areas of improvement could be around offering performance testing during camp settings which would allow for some standardized results. Also, this could be paired with the application of biomechanics, strength and conditioning, to see how it impacts metrics collected from their software. ","Very strong presentation that covered all of the areas required.  Excellent process of going out to selected coaches to get an update on targeted athletes.  Interesting whether that type of debrief is could be formalized.  Good tool (data) to inform athlete performance data and tracking, however, KPI testing at the club level is quite varied (Can it be standardized and for what purpose?).  Curious whether project based funding approach would have a bigger impact particularly with this type of sport which lacks a provincial program, but supports club based development pathways.  Some good opportunity to engage CSI Pacific for Sport science whether on individual athlete level (Nutrition or MPC) versus group based access (Physiology or S&C).  "
Triathlon,CGS,208.875,4.9,96.77419355,96.77419355,93.5483871,96.77419355,35.48387097,77.41935484,16.12903226,75,62.5,50,0,50,25,42.77777778,50.08333333,3.875,3.875,48.38709677,75,93.5483871,25.5,5,4.17,20,Triathlon,Yes,No,No,No,Yes,No,No,No,No,No,No,No,No,No,Yes,Yes,Yes,No,No,No,No,No,No,No,Yes,No,2,1,3,0,6,Middle Third,Botttom Third,Middle Third,Middle Third,4.3,3.8,3.2,3.7,15.0,Top Third,Middle Third,Middle Third,Top Third,21.0,16,Middle Third," $3,600.00 "," $3,100.00 "," $24,000.00 "," $3,050.00 "," $1,500.00 "," $35,250.00 "," $4,900.00 "," $3,050.00 "," $25,100.00 "," $3,900.00 "," $1,750.00 "," $38,700.00 ",Triathlon,"As usual Kelly has strong programming and data informed competition and athlete development strategies. Love the cost barrier reduction for provincial team athletes. Very strong use of funding in smart ways to target effective competitive enhancements. As a camp based sport, i would love to see where testing and services support athletes outside the vic dte. When comparing similar size, scope and quality of programming, there seems to be greater regional reach in other programs, especially around PD2 athlete. Overall, very effective programming and tie ins with key partners like 94 forward and uvic
","Lots of good things going on that are providing more options for more athletes and building the program out by learning from other programs. Not much info on NCCP standards but there is a significant amount of PD going on for coaches. Using 94Forward to support triathlon development by paying coaches salaries. Can EE $'s be spent specifically on testing, diagnostics, nutrition and MPC support.",Very good evidence of planning and monitoring of athlete KPIs and acknowledging a need for a more integrated data reporting and visualization.  Great evidence on Provincial Developmental athletes.  Really good to see the relationship with Uvic to extend meaningful sport engagement after High School.  Victoria Triathlon Center is a good opportunity to leverage partnership and provide high quality athlete extensions to the Olympic pathway.  I really like the high quality competition projects as this is a key driver to help inform athlete readiness in a provincial (Friendly) environment as opposed to NSO environments that may be more performance on demand at both Junior and Senior level.,
Volleyball,Team,15.88888889,11.4,100,54.32098765,0,76.54320988,6.172839506,43.20987654,53.08641975,57.89473684,36.84210526,26.31578947,73.68421053,89.47368421,5.263157895,19.74465712,33.33333333,81,4.263157895,76.54320988,0,0,41.9,3,2.35,21.19205298,Volleyball,No,No,Yes,No,No,No,No,No,Yes,No,No,No,Yes,Yes,No,No,No,No,No,No,No,No,Yes,No,No,No,2,2,1,0,5,Middle Third,Middle Third,Botttom Third,Middle Third,2.4,2.3,2.2,2.0,8.9,Botttom Third,Botttom Third,Botttom Third,Botttom Third,13.9,22,Botttom Third," $8,000.00 ", $-   ," $5,700.00 "," $8,500.00 "," $3,700.00 "," $25,900.00 "," $8,200.00 ", $-   ," $5,050.00 "," $9,700.00 "," $3,800.00 "," $26,750.00 ",Volleyball,"Adrian was well prepared for the meeting highlighting general athlete KPIs and Fitness testing.  Overall some good evidence of performance participation, with team BC programming providing the basis for targeted athlete support.  Some evidence of deploying S&C programming to team BC athletes but little in the way of monitoring athlete compliance or integrated programming into the club system.  Also some enhancement in mental performance.  Coaching lacks progression toward Comp-Dev standard and it seems difficult to obtain training from Volleyball Canada.  Athlete pathway is not entirely clear with several changes to age grade standards (i.e. CSG age) as well as Volleyball Canada programming which provides enhance programming in the 18U pathway.  USPORT continues to be an opportunity to extend pathway, but limited evidence of how athlete are supported after youth programming.  It would seem that there is a critical number of 18-21 year old athletes who may benefit from  enhanced programming and are not longer under club jurisdiction and likely maturing in College or University programming. A more targeted approach to athlete programming may help to develop athletes who are not receiving high quality programming above 18U, while incentivizing Post Secondary coaches in athlete identification and program enhancement.  ","Provided evidence of testing which is carried out through a contractor. Trying to work with clubs to build relationships, however don't have eyes on the athletes outside of Team BC camps. Recent changes in staffing are being worked through. Its clear that the sport structure makes it difficult for BC Volleyball to have their own stand alone programming throughout the year and they are looking at different opportunities to grow their presence.","This meeting was better than past meetings. It was still not clear that they have good line of site to the athlete and there are long periods with no monitoring or clarity on the consistency of self monitoring/reporting. Increased evidence of short term use of MPC. Testing in camp settings could be improved but is standardized. I do like the skill analysis tool but it needs to permeated deeper in the club system to allow for better monitoring and working with club coaches to support gap analysis and athlete development. It would be interesting to understand athlete conversion to beach form a talent retention and re engaging them in the HP pathway post 6's career. Good injury and self perception monitoring. Video review sessions add value. Could there be additional enhancement beyond the Nationals, potentially for the targeted group of U18 if the CG focuses more on the U17 ",
Wheelchair Basketball,Team,17.14285714,14.5,88.46153846,30.76923077,0,69.23076923,23.07692308,50,61.53846154,100,55.55555556,55.55555556,100,44.44444444,33.33333333,24.61904762,16.66666667,6.5,2.888888889,11.53846154,0,26.92307692,41.2,4,5.32,20.51282051,Wheelchair Basketball,No,No,No,No,No,No,No,No,Yes,Yes,No,Yes,Yes,No,Yes,No,No,No,No,No,No,No,Yes,No,Yes,No,1,4,2,0,7,Botttom Third,Top Third,Middle Third,Middle Third,2.8,2.7,3.3,2.2,10.9,Botttom Third,Botttom Third,Middle Third,Botttom Third,17.9,20,Botttom Third, $40.00 , $250.00 , $600.00 , $500.00 , $200.00 ," $1,590.00 ", $40.00 , $250.00 , $600.00 , $500.00 , $200.00 ," $1,590.00 ",Wheelchair Basketball,"Overall a good approach to the meeting by bring in the specific coaches to profile athletes.  Good to see solid application of IPP, and planning process being implemented and formalized.  Data management remains an issue as it is difficult to store, access and analyze data on a scalable fashion over time.  Some opportunity exists for greater IST support which would warrant further conversations around LOU development and potential for para hub model..  High need for centralized summer camp which could be accessed through 94 forward and supported by CSI pacific.  HP cost per athlete are low compared to EE average which may require better reporting.   CSI Pacific could enhance reporting by working directly with sports on reporting process.
","Overall fine. Didn't see a progress report on last years pitch to have a centralized HP DTE on the with Simon and Camosun. While they have some aligned KPIs to the NSO with clear benchmarks, the IPPs don't indicate benchmarks or KPI's in the areas being measured. Would like to seen shooting and decision making KPIs (pick & roll, shot v no shot, hold for pick and pop) and Team KPIs for video review (turn over rate, shot decisions on set plays, free throw %). Good evidence of chair technical work to improve efficiencies in defense and build positive decision making for defense. Not a clear outline of use of funds. Coach mentorship is clearly part of it but not a strong focus on IST, or strength based KPIs that would translate to measured performance with accelerometers or other testing. Would have liked to see the difference between supports and interventions for PD1 athletes in another class. Class one is at this level is a very simplistic role. ","Thorough presentation around athletes, would like to see a little more data around identified KPI's and testing sets. Spending money on the coaching support and programming has been added at the T2T level, no formal mechanism for data collection or analysis.",
Wheelchair Sports,Team,105,15.46153846,21.05263158,89.47368421,89.47368421,68.42105263,47.36842105,78.94736842,21.05263158,100,100,42.85714286,71.42857143,71.42857143,14.28571429,31.04527417,27.18253968,1.117647059,2.714285714,68.42105263,59.53846154,42.10526316,6.866666667,3,2.716666667,23.80952381,Wheelchair Sports,No,No,No,No,Yes,No,No,No,No,Yes,Yes,No,No,Yes,No,No,No,Yes,No,No,No,No,No,No,No,Yes,1,3,1,1,6,Botttom Third,Top Third,Botttom Third,Middle Third,3.9,3.8,3.4,4.9,15.9,Middle Third,Middle Third,Middle Third,Top Third,21.9,14,Middle Third, $10.00 , $35.00 ," $1,000.00 ", $-   , $-   ," $1,045.00 ", $10.00 , $800.00 ," $8,000.00 ", $-   ," $12,000.00 "," $20,810.00 ",Wheelchair Sports,"BCWSA provided a great presentation, they work towards improving testing and monitoring with their athletes. An area of improvement could be more information around how results directly impact training plans. ","I do have some conflict of interest hear as i have the former HP Manager, developed several of the coaches and staff and am current Head of Officials for wheelchair rugby. 
I do feel they have good grasp of monitoring and lead their NSOs more than is fair for a PSO in Athletics and Tennis. In rugby there are still gaps in access to tracking data from the NSO but they do a good job of connecting skill development to the GMP and have strong understanding of athlete benchmarking in all three sports. Jon has been a good asset for the overall quality of program and is a resource for the other staff. Athletics data is monitored well and is share between coaches and clubs which is more effective than BC Athletics. Tennis has excellent linkage between PSO & NSO. Rugby leadership is well connected to BC. 
Good NCCP strategies and most targeted coaches are achieving strong standards. 
Excellent evidence of financial monitoring
There are gap analysis I'm aware are going on but not fully communicated in the presentation. Questions unpacked a lot of this and supported my understanding better. Overall quite strong and showing signs of strengthening further.",Some good information presented around athletes but could have been more thorough with regard to KPI's. They are moving forward in coach development and see a possible gap ahead. Best in class for financial information.,"Very good presentation with a lot of support from BCWCSA staff.  Definitely the staff are informed on the data and seem to be using it to enhance programming.  It was good to have a couple of the coaches on the call to help build out the context in the DTE and reinforce what is being reported.  Overall some quality evidence that show changes over time.  Good discussion at the end of the presentation which really helped to zero in on some of the challenges and potential solutions.  The context around classification is still a bit of a barrier, but it sounded like there was some collaboration at the NSO to try and ""steamline"" or make appropriate classifications for sport development.  For example, higher point player in WC rugby.  Very good context across three sports which have different interventions, but likely similar themes to maximize HP programming and coaching.  Good to see development on coaching and identifying younger coaches (apprentices) coming into the system.  Excellent overview of EE funding.
"
Wrestling,Combat,132,14,96.66666667,100,96.66666667,96.66666667,60,53.33333333,56.66666667,56.25,87.5,68.75,62.5,62.5,6.25,45,29.56613757,2.727272727,1.875,96.66666667,56,96.66666667,33.8,17,3.66,20.83333333,Wrestling,No,No,No,Yes,Yes,No,Yes,No,Yes,No,Yes,Yes,No,No,No,Yes,No,Yes,Yes,Yes,No,Yes,Yes,Yes,No,No,4,3,3,3,13,Top Third,Top Third,Middle Third,Top Third,3.4,3.9,3.4,2.8,13.4,Middle Third,Middle Third,Middle Third,Botttom Third,26.4,5,Top Third," $3,600.00 "," $5,000.00 "," $18,000.00 "," $7,000.00 "," $4,000.00 "," $37,600.00 "," $5,000.00 "," $4,000.00 "," $10,000.00 "," $4,000.00 "," $3,000.00 "," $26,000.00 ",Wrestling,"Good meeting and discussion around pathway, talent ID and HP programming.  Good overview of KPIs for PD 1 and PD2 athletes, however informing specific interventions or how data informs programming could improve.  Some good evidence of consistent fitness testing, but again limited information on how this is used to inform programming or interactions with personal coaches (Particularly PD 2).  Most PD 1 athlete are centralized at Burnaby Mountain club or SFU.  Good evidence from reporting on helping coaches to get NCCP Comp-Dev status plus some avenues for PD.  There are some challenges that exist to help develop club coach in the pathway and particularly School coaches where there are no standards.  There may be some opportunity to link sport with regional centers to help build capacity whether through facilities or storage.  Definite desire to want to build regional programming in the Kootenay region (Columbia Basin).  EE funds are identified for projects but lacked dollar value, which was somewhat clarified during the discussion.  Good sense that staff want to improve and are open to ideas and feedback.","Nice presentation from Wrestling BC. They are tracking appropriate metrics for wrestling with a good range strength, power, and endurance. I like the testing outline/report, although an area of improvement could be including a rubric for athletes and having standards which can be used to compare their athletes. They identified coaching facilitation as a gap, and area to improve. There are some initiatives to also help improve female coaching in the province. Funding is being directed towards sport science (S&C - equipment/testing, nutrition, MP)","Take opportunity to travel south for competition, trying to get more of a presence around the province outside of the LM, good performance at Canada games. Presented some good data on testing and KPI's. EE money goes into general budget but then lives as a line item within the total budget. Building LF's for the future and they have a good strategy in this area.","This is a very good program. New leadership is starting to strengthen it further, with more detail in the approach and a better gap analysis of all systems. Strong leadership in place technically, the main program gap is breadth. Would love to see the monitoring and testing strategy more connected to the regions that do have good participation. Coaching gap analysis and planning seems to be well thought through with plans to elevate LF and Intro Comp. Excellent investment in performance gaps, technical tactical enhancement with US events. Internal force plate testing tools, vo2 etc clearly enhance the program. Good data tracking and willingness to strengthen further. Look for ways that viaSport relationship can support coach dev and club connection & shared service partners on shipping. Would like to seem better personal coach briefing on the data that the PSO collects to better enhance the club/talent ID DTE.    "
