Season,Role,First Name,Last Name,Sport,Enrollment Status,Nomination Approved,Nomination Claimed,Carding Level,Level Category,Sex of Competition,Nccp Number,Full Name
Summer,Athlete,Mariam,Abdul-Rashid,Athletics,,True,False,SR,Canadian Elite,,,Mariam Abdul-Rashid
Winter,Athlete,Tobi,Ade,Bobsleigh,Incomplete,True,False,D,Canadian Elite,Male,,Tobi Ade
Summer,Athlete,Samuel,Adekugbe,Soccer,,True,False,SR,Canadian Elite,,,Samuel Adekugbe
Summer,Athlete,Eliezer,Adjibi,Athletics,,True,False,SR,Canadian Elite,,,Eliezer Adjibi
Summer,Athlete,Ali,Ahmed,Soccer,,True,False,SR,Canadian Elite,,,Ali Ahmed
Summer,Athlete,Mohammed,Ahmed,Athletics,Active,True,True,SR1,Canadian Elite,Male,,Mohammed Ahmed
Summer,Athlete,Tatiana,Aholou,Athletics,,True,False,D,Canadian Elite,,,Tatiana Aholou
Winter,Athlete,Cameron,Alexander,Alpine Ski,Active,True,True,SR1,Canadian Elite,Male,,Cameron Alexander
Winter,Athlete,Kyle,Alexander,Alpine Ski,Active,True,True,SR1,Canadian Elite,Male,,Kyle Alexander
Summer,Athlete,Marie-Yasmine,Alidou,Soccer,,True,False,SR,Canadian Elite,,,Marie-Yasmine Alidou
Summer,Athlete,Curtis,Ames,Rowing,Active,True,True,SR1,Canadian Elite,Male,,Curtis Ames
Winter,Athlete,Cynthia,Appiah Serwaah,Bobsleigh,Active,True,True,SR,Canadian Elite,Female,,Cynthia Appiah Serwaah
Summer,Athlete,Jamie,Armstrong,Rugby,,True,False,D,Canadian Elite,,,Jamie Armstrong
Summer,Athlete,Marco,Arop,Athletics,Active,True,True,SR1,Canadian Elite,Male,,Marco Arop
Summer,Athlete,Max,Arsenault,Wheelchair Rugby,Active,True,True,D,Canadian Elite,Any/Combined,,Max Arsenault
Summer,Athlete,Camille,Arvin-B√©rod,Rugby,Incomplete,True,False,D,Canadian Elite,Female,,Camille Arvin-B√©rod
Summer,Athlete,Duan,Asemota,Athletics,,True,False,SR,Canadian Elite,,,Duan Asemota
Winter,Athlete,William,Ashley,Bobsleigh,Active,True,True,D,Canadian Elite,Male,,William Ashley
Winter,Athlete,Olivia,Asselin,Freestyle Ski,Incomplete,True,False,SR1,Canadian Elite,Female,,Olivia Asselin
Summer,Athlete,Gabrielle,Attieh,Volleyball,Active,True,True,D,Canadian Elite,Female,,Gabrielle Attieh
Summer,Athlete,Lauren,Attieh,Volleyball,,True,False,D,Canadian Elite,,,Lauren Attieh
Winter,Athlete,Taylor,Austin,Bobsleigh,Incomplete,True,False,SR,Canadian Elite,Male,,Taylor Austin
Summer,Athlete,Simi,Awujo,Soccer,,True,False,D,Canadian Elite,,,Simi Awujo
Summer,Athlete,Luke,Bagshaw,Rugby,Incomplete,True,False,D,Canadian Elite,Male,,Luke Bagshaw
Summer,Athlete,Theo,Bair,Soccer,,True,False,SR,Canadian Elite,,,Theo Bair
Winter,Athlete,Jasmine,Baird,Snowboard,Active,True,True,SR1,Canadian Elite,Female,,Jasmine Baird
Winter,Athlete,Kaleb,Barnum,Ski Cross,Incomplete,True,False,SR,Canadian Elite,Male,,Kaleb Barnum
Winter,Athlete,Quincy,Barr,Freestyle Ski,,True,False,D,Canadian Elite,,,Quincy Barr
Summer,Athlete,Domenic,Barresi,Athletics,,True,False,D,Canadian Elite,,,Domenic Barresi
Summer,Athlete,Briar,Barron,Rugby,,True,False,D,Canadian Elite,,,Briar Barron
Summer,Athlete,Zorhan,Bassong,Soccer,,True,False,SR,Canadian Elite,,,Zorhan Bassong
Winter,Athlete,Emily,Bateman,Skeleton,Active,True,True,D,Canadian Elite,Female,,Emily Bateman
Winter,Athlete,Charlie,Beatty,Freestyle Ski,Incomplete,True,False,D,Canadian Elite,Male,,Charlie Beatty
Summer,Athlete,Ben,Beauchamp,Rugby,Expired,True,True,D,Canadian Elite,Male,,Ben Beauchamp
Winter,Athlete,Charles,Beaulieu,Freestyle Ski,Incomplete,True,False,D,Canadian Elite,Male,,Charles Beaulieu
Summer,Athlete,Terek,Been,Rowing,Active,True,True,SR,Canadian Elite,Male,,Terek Been
Summer,Athlete,Nicholas,Bennett,Para Swimming,,True,False,SR1,Canadian Elite,,,Nicholas Bennett
Summer,Athlete,Fancy,Bermudez,Rugby,,True,False,SR1,Canadian Elite,,,Fancy Bermudez
Summer,Athlete,Philip,Berna,Rugby,Active,True,True,GamePlan - Retired,Canadian Elite,Male,,Philip Berna
Summer,Athlete,Brenden,Bissett,Field Hockey,Active,True,True,SR,Canadian Elite,Male,,Brenden Bissett
Summer,Athlete,Cailin,Bitter,Volleyball,Active,True,True,D,Canadian Elite,Female,,Cailin Bitter
Summer,Athlete,Brenden,Black,Rugby,,True,False,D,Canadian Elite,,,Brenden Black
Summer,Athlete,Jerome,Blake,Athletics,,True,False,SR1,Canadian Elite,,,Jerome Blake
Winter,Athlete,Kyle,Blandford,Alpine Ski,Incomplete,True,False,D,Canadian Elite,Male,,Kyle Blandford
Summer,Athlete,Doug,Blessin,Shooting Para Sport,Active,True,True,SR,Canadian Elite,Any/Combined,,Doug Blessin
Summer,Athlete,Valentino Lawrence,Blewett,Sailing,Active,True,True,D,Canadian Elite,Male,,Valentino Lawrence Blewett
Winter,Athlete,Laurie,Blouin,Snowboard,,True,False,SR,Canadian Elite,,,Laurie Blouin
Summer,Athlete,Maryn,Boldon,Volleyball,Active,True,True,GamePlan - Retired,Canadian Elite,Female,,Maryn Boldon
Summer,Athlete,Elisa,Bolinger,Rowing,Active,True,True,SR,Canadian Elite,Female,,Elisa Bolinger
Summer,Athlete,Charlotte,Bolton,Para Athletics,Active,True,True,SR1,Canadian Elite,Female,,Charlotte Bolton
Summer,Athlete,Moise,Bombito,Soccer,,True,False,SR,Canadian Elite,,,Moise Bombito
Summer,Athlete,Ariane,Bonhomme,Cycling,Active,True,True,SR,Canadian Elite,Female,,Ariane Bonhomme
Summer,Athlete,Anthony,Bouchard,Wheelchair Athletics,,True,False,SR,Canadian Elite,,,Anthony Bouchard
Winter,Athlete,Eli,Bouchard,Snowboard,,True,False,SR1,Canadian Elite,,,Eli Bouchard
Winter,Athlete,Jean-Christophe,Bougie,Freestyle Ski,Incomplete,True,False,D,Canadian Elite,Male,,Jean-Christophe Bougie
Summer,Athlete,D‚ÄôShawn,Bowen,Rugby,Incomplete,True,False,D,Canadian Elite,Male,,D‚ÄôShawn Bowen
Summer,Athlete,Jaeya,Brach,Beach Volleyball,Incomplete,True,False,D,Canadian Elite,,,Jaeya Brach
Winter,Athlete,Liam,Brearley,Snowboard,Active,True,True,SR1,Canadian Elite,Male,,Liam Brearley
Summer,Athlete,Ciaran,Breen,Rugby,Active,True,True,D,Canadian Elite,Male,,Ciaran Breen
Summer,Athlete,Aliz√©e,Brien,Rowing,Active,True,True,SR,Canadian Elite,Female,,Aliz√©e Brien
Summer,Athlete,Kayla,Briggs,Soccer,,True,False,SR,Canadian Elite,,,Kayla Briggs
Summer,Athlete,Shane,Brinham,Baseball,,True,False,D,Canadian Elite,,,Shane Brinham
Summer,Athlete,Riley,Brinnen,Sitting Volleyball,,True,False,D,Canadian Elite,,,Riley Brinnen
Summer,Athlete,Aaron,Brown,Athletics,,True,False,SR1,Canadian Elite,,,Aaron Brown
Winter,Athlete,Berkley,Brown,Freestyle Ski,Active,True,True,SR,Canadian Elite,Female,,Berkley Brown
Winter,Athlete,Keaton,Bruggeling,Bobsleigh,,True,False,SR,Canadian Elite,,,Keaton Bruggeling
Summer,Athlete,Jack,Bryan,Rugby,,True,False,D,Canadian Elite,,,Jack Bryan
Summer,Athlete,Kadeisha,Buchanan,Soccer,,True,False,SR,Canadian Elite,,,Kadeisha Buchanan
Summer,Athlete,Tajon,Buchanan,Soccer,,True,False,SR,Canadian Elite,,,Tajon Buchanan
Summer,Athlete,Emily,Bugeja,Sailing,Active,True,True,SR,Canadian Elite,Female,,Emily Bugeja
Winter,Athlete,Kristen,Bujnowski,Bobsleigh,,True,False,SR,Canadian Elite,,,Kristen Bujnowski
Summer,Athlete,Jaimee,Bull,Water Ski,Active,True,True,SR2 ,Canadian Elite,Female,,Jaimee Bull
Summer,Athlete,Nicole,Bunyan,Squash,Active,True,True,SR2 ,Canadian Elite,Female,,Nicole Bunyan
Summer,Athlete,Tristan,Burgoyne,Field Hockey,Active,True,True,D,Canadian Elite,Male,,Tristan Burgoyne
Summer,Athlete,Emily,Burns,Soccer,,True,False,SR,Canadian Elite,,,Emily Burns
Summer,Athlete,Alycia,Butterworth,Athletics,Active,True,True,SR,Canadian Elite,Female,,Alycia Butterworth
Summer,Athlete,Sam,Cabral,Field Hockey,Active,True,True,D,Canadian Elite,Male,,Sam Cabral
Summer,Athlete,Cody,Caldwell,Wheelchair Rugby,,True,False,SR2 ,Canadian Elite,,,Cody Caldwell
Summer,Athlete,Laura,Calovini,Para Athletics,,True,False,D,Canadian Elite,,,Laura Calovini
Summer,Athlete,Isobel,Campbell,Rowing,,True,False,D,Canadian Elite,,,Isobel Campbell
Winter,Athlete,Kristen,Campbell,Hockey,Active,True,True,SR1,Canadian Elite,Female,,Kristen Campbell
Summer,Athlete,Emma,Cannan,Athletics,Active,True,True,D,Canadian Elite,Female,,Emma Cannan
Summer,Athlete,Darthe,Capellan,Wrestling,Active,True,True,SR,Canadian Elite,Male,,Darthe Capellan
Winter,Athlete,Cole,Carey,Freestyle Ski,Incomplete,True,False,D,Canadian Elite,Male,,Cole Carey
Summer,Athlete,Garielle,Carle,Soccer,,True,False,SR,Canadian Elite,,,Garielle Carle
Summer,Athlete,Florance,Caron,Athletics,,True,False,D,Canadian Elite,,,Florance Caron
Winter,Athlete,Florence,Carrier,Alpine Ski,Active,True,True,D,Canadian Elite,Female,,Florence Carrier
Winter,Athlete,Finley,Cashin,Ski Cross,Active,True,True,D,Canadian Elite,Male,,Finley Cashin
Winter,Athlete,Jamie,Casselman,Alpine Ski,Active,True,True,SR,Canadian Elite,Male,,Jamie Casselman
Summer,Athlete,Carter,Cathers,Baseball,Active,True,True,D,Canadian Elite,Male,,Carter Cathers
Winter,Athlete,Louis-David,Chalifoux,Freestyle Ski,Incomplete,True,False,SR,Canadian Elite,Male,,Louis-David Chalifoux
Winter,Athlete,Jane,Channell,Skeleton,Active,True,True,SR2 ,Canadian Elite,Female,,Jane Channell
Winter,Athlete,Pierick,Charest,Alpine Ski,Incomplete,True,True,D,Canadian Elite,Male,,Pierick Charest
Winter,Athlete,Dion,Charles,Skeleton,Active,True,True,D,Canadian Elite,Male,,Dion Charles
Summer,Athlete,Zara,Chavoshi,Soccer,,True,False,SR,Canadian Elite,,,Zara Chavoshi
Summer,Athlete,Vanessa,Chiappetta,Rugby,Incomplete,True,False,D,Canadian Elite,Female,,Vanessa Chiappetta
Summer,Athlete,Frederique,Chiasson,Athletics,,True,False,D,Canadian Elite,,,Frederique Chiasson
Summer,Athlete,Mathieu,Choiniere,Soccer,,True,False,SR,Canadian Elite,,,Mathieu Choiniere
Winter,Athlete,Zoe,Chore,Ski Cross,,True,False,SRI,Canadian Elite,,,Zoe Chore
Summer,Athlete,Annabelle,Chukwu,Soccer,,True,False,SR,Canadian Elite,,,Annabelle Chukwu
Summer,Athlete,Emily,Clark,Rugby,,True,False,D,Canadian Elite,,,Emily Clark
Winter,Athlete,Hallie,Clarke,Skeleton,Active,True,True,SR1,Canadian Elite,Female,,Hallie Clarke
Winter,Athlete,D'Andre,Clarke-Bastien,Bobsleigh,Incomplete,True,False,D,Canadian Elite,Male,,D'Andre Clarke-Bastien
Summer,Athlete,Ryan,Clegg,Rowing,Active,True,True,SR1,Canadian Elite,Male,,Ryan Clegg
Winter,Athlete,Sina,Clegg,Freestyle Ski,Incomplete,True,False,D,Canadian Elite,Female,,Sina Clegg
Summer,Athlete,Nathan,Clement,Para Cycling,Active,True,True,SRI,Canadian Elite,Male,,Nathan Clement
Summer,Athlete,Rachel,Cliff,Athletics,Active,True,True,SR,Canadian Elite,Female,,Rachel Cliff
Summer,Athlete,Chelsea,Coates,Sitting Volleyball,Active,True,True,D,Canadian Elite,Female,,Chelsea Coates
Winter,Athlete,Roxy,Coatesworth,Alpine Ski,Active,True,True,D,Canadian Elite,Female,,Roxy Coatesworth
Summer,Athlete,Cooper,Coats,Rugby,Active,True,True,SR,Canadian Elite,Male,,Cooper Coats
Summer,Athlete,Sydney,Collins,Soccer,,True,False,SR,Canadian Elite,,,Sydney Collins
Winter,Athlete,Katie,Combaluzier,Para Alpine Ski,Active,True,True,SR,Canadian Elite,Female,,Katie Combaluzier
Winter,Athlete,Carson,Cook,Ski Cross,Incomplete,True,False,D,Canadian Elite,Male,,Carson Cook
Summer,Athlete,Zachary,Coombs,Field Hockey,Active,True,True,SR,Canadian Elite,Male,,Zachary Coombs
Winter,Athlete,Sam,Cordell,Freestyle Ski,Active,True,True,SR,Canadian Elite,Male,,Sam Cordell
Summer,Athlete,Harry,Corkum,Rugby,,True,False,D,Canadian Elite,,,Harry Corkum
Summer,Athlete,Dante,Cormier,Wheelchair Athletics,Active,True,False,D,Canadian Elite,Male,,Dante Cormier
Summer,Athlete,Jackson,Corneil,Volleyball,,True,False,D,Canadian Elite,,,Jackson Corneil
Summer,Athlete,Derek,Cornelius,Soccer,,True,False,SR,Canadian Elite,,,Derek Cornelius
Summer,Athlete,Alysha,Corrigan,Rugby,,True,False,SR1,Canadian Elite,,,Alysha Corrigan
Winter,Athlete,Pierre-Olivier,Cote,Freestyle Ski,,True,False,SR,Canadian Elite,,,Pierre-Olivier Cote
Summer,Athlete,Jean Phillippe,Cote Nadon,Wheelchair Rugby,,True,False,D,Canadian Elite,,,Jean Phillippe Cote Nadon
Summer,Athlete,Brendan,Cote Williamson,Para Athletics,Active,True,False,D,Canadian Elite,Male,,Brendan Cote Williamson
Summer,Athlete,Spencer,Cotie,Rugby,,True,False,D,Canadian Elite,,,Spencer Cotie
Summer,Athlete,Brooklyn,Courtnall,Soccer,,True,False,SR,Canadian Elite,,,Brooklyn Courtnall
Winter,Athlete,James,Crawford,Alpine Ski,Incomplete,True,False,SR1,Canadian Elite,Male,,James Crawford
Summer,Athlete,Maxime,Crepeau,Soccer,,True,False,SR,Canadian Elite,,,Maxime Crepeau
Summer,Athlete,Jennifer,Cross,Volleyball,Active,True,True,SR,Canadian Elite,Female,,Jennifer Cross
Summer,Athlete,Caroline,Crossley,Rugby,,True,False,SR1,Canadian Elite,,,Caroline Crossley
Summer,Athlete,Will,Crothers,Rowing,Incomplete,True,True,SR1,Canadian Elite,Male,,Will Crothers
Summer,Athlete,Taylor,Curran,Field Hockey,Active,True,True,SR,Canadian Elite,Male,,Taylor Curran
Summer,Athlete,Kate,Current,Athletics,Active,True,False,SR,Canadian Elite,Female,,Kate Current
Winter,Athlete,Euan,Currie,Ski Cross,Active,True,True,D,Canadian Elite,Male,,Euan Currie
Summer,Athlete,Landon,Currie,Volleyball,Active,True,True,SR,Canadian Elite,Male,,Landon Currie
Summer,Athlete,Melissa,Dagenais,Soccer,,True,False,SR,Canadian Elite,,,Melissa Dagenais
Summer,Athlete,Kathleen,Dandeneau,Wheelchair Basketball,Active,True,True,SR,Canadian Elite,Female,,Kathleen Dandeneau
Summer,Athlete,Sabrina,Dangelo,Soccer,,True,False,SR,Canadian Elite,,,Sabrina Dangelo
Summer,Athlete,Stefan,Daniel,Para Triathlon,Active,True,True,SR1,Canadian Elite,Male,,Stefan Daniel
Summer,Athlete,Chloe,Daniels,Rugby,,True,False,SR1,Canadian Elite,,,Chloe Daniels
Winter,Athlete,Simon,d'Artois,Freestyle Ski,Active,True,True,SR1,Canadian Elite,Male,,Simon d'Artois
Summer,Athlete,Jonathan,David,Soccer,,True,False,SR,Canadian Elite,,,Jonathan David
Summer,Athlete,Promise,David,Soccer,,True,False,SR,Canadian Elite,,,Promise David
Summer,Athlete,Alphonso,Davies,Soccer,,True,False,SR,Canadian Elite,,,Alphonso Davies
Summer,Athlete,Max,Davies,Athletics,,True,False,D,Canadian Elite,,,Max Davies
Winter,Athlete,Jay,Dearborn,Bobsleigh,Incomplete,True,False,SR,Canadian Elite,,,Jay Dearborn
Summer,Athlete,Matthew,Debly,Wheelchair Rugby,,True,False,SR2 ,Canadian Elite,,,Matthew Debly
Summer,Athlete,Taylor,De Boer,Volleyball,,True,False,D,Canadian Elite,,,Taylor De Boer
Summer,Athlete,Gabriela,DeBues-Stafford,Athletics,,True,False,SR,Canadian Elite,,,Gabriela DeBues-Stafford
Summer,Athlete,Gabriela,DeBues-Stafford,Athletics,Expired,True,True,SR,Canadian Elite,Female,,Gabriela DeBues-Stafford
Summer,Athlete,Luc,De Fougerolles,Soccer,,True,False,SR,Canadian Elite,,,Luc De Fougerolles
Summer,Athlete,Andre,De Grasse,Athletics,,True,False,SR1,Canadian Elite,,,Andre De Grasse
Summer,Athlete,Luke,de Greeff,Beach Volleyball,Active,True,True,D,Canadian Elite,Male,,Luke de Greeff
Winter,Athlete,Louie Cesar,De Guzman,Bobsleigh,Active,True,True,D,Canadian Elite,Male,,Louie Cesar De Guzman
Summer,Athlete,Abigail,Dent,Rowing,Active,True,True,SR,Canadian Elite,Female,,Abigail Dent
Summer,Athlete,Shaye,de Paiva,Rowing,Active,True,True,SR,Canadian Elite,Female,,Shaye de Paiva
Winter,Athlete,Dylan,Deschamps,Freestyle Ski,,True,False,SR,Canadian Elite,,,Dylan Deschamps
Winter,Athlete,Laurianne,Desmarais-Gilbert,Freestyle Ski,Incomplete,True,False,SR1,Canadian Elite,Female,,Laurianne Desmarais-Gilbert
Summer,Athlete,Maura,Dewey,Sailing,Active,True,True,SR,Canadian Elite,Female,,Maura Dewey
Summer,Athlete,Tejvir,Dhinsa,Wrestling,Incomplete,True,False,D,Canadian Elite,Male,,Tejvir Dhinsa
Winter,Athlete,Emily,Dickson,Biathlon,Active,True,True,SR1,Canadian Elite,Female,,Emily Dickson
Winter,Athlete,Gabriel,Dion,Freestyle Ski,,True,False,D,Canadian Elite,,,Gabriel Dion
Winter,Athlete,Brooke,Disher,Hockey,,True,False,D,Canadian Elite,,,Brooke Disher
Summer,Athlete,Adam,Doane,Rugby,,True,False,D,Canadian Elite,,,Adam Doane
Summer,Athlete,Maddy,Donnelly,Rugby,Incomplete,True,False,D,Canadian Elite,Female,,Maddy Donnelly
Summer,Athlete,Mathieu,Dorais,Para Athletics,Active,True,False,D,Canadian Elite,Male,,Mathieu Dorais
Winter,Athlete,Jasmine,Drolet,Cross-Country Ski,Active,True,True,SR,Canadian Elite,Female,,Jasmine Drolet
Summer,Athlete,Maxime,Drolet Gauthier,Wheelchair Rugby,,True,False,D,Canadian Elite,,,Maxime Drolet Gauthier
Winter,Athlete,Xavier,Drouin,Freestyle Ski,Incomplete,True,False,D,Canadian Elite,Male,,Xavier Drouin
Winter,Athlete,Kevin,Drury,Ski Cross,,True,False,SR,Canadian Elite,,,Kevin Drury
Summer,Athlete,Reuel,D'Souza,Water Polo,Active,True,True,SR,Canadian Elite,Male,,Reuel D'Souza
Winter,Athlete,Joey,Dubuc,Freestyle Ski,Incomplete,True,False,SR,Canadian Elite,Male,,Joey Dubuc
Winter,Athlete,Alexandre,Duchaine,Freestyle Ski,,True,False,SR1,Canadian Elite,,,Alexandre Duchaine
Winter,Athlete,Gabriel,Dufresne,Freestyle Ski,Incomplete,True,False,SR,Canadian Elite,Male,,Gabriel Dufresne
Summer,Athlete,Chloe,Dunbar,Para Athletics,Incomplete,True,False,D,Canadian Elite,Female,,Chloe Dunbar
Summer,Athlete,Evan,Dunfee,Athletics,Active,True,True,SR1,Canadian Elite,Male,,Evan Dunfee
Winter,Athlete,Matt,Dunstone,Curling,Active,True,True,SR,Canadian Elite,Male,,Matt Dunstone
Summer,Athlete,Marilou,Duvernay Tardif,Rowing,Expired,True,True,SR,Canadian Elite,Female,,Marilou Duvernay Tardif
Summer,Athlete,Jasmyn,Edwards,Para Athletics,,True,False,D,Canadian Elite,,,Jasmyn Edwards
Summer,Athlete,Kirsten,Edwards,Rowing,Active,True,True,GamePlan - Retired,Canadian Elite,Female,,Kirsten Edwards
Summer,Athlete,Jennifer,Elizarov,Athletics,,True,False,SR,Canadian Elite,,,Jennifer Elizarov
Summer,Athlete,Eleonore,Elstone,Para Equestrian,,True,False,SR,Canadian Elite,,,Eleonore Elstone
Winter,Athlete,Karl,Eriksson,Para Alpine Ski,Incomplete,True,False,SR,Canadian Elite,Male,,Karl Eriksson
Winter,Athlete,Yohan,Eskrick-Parkinson,Bobsleigh,Incomplete,True,True,D,Canadian Elite,Male,,Yohan Eskrick-Parkinson
Summer,Athlete,Liam,Espedido,Beach Volleyball,Incomplete,True,False,D,Canadian Elite,,,Liam Espedido
Summer,Athlete,Stephen,Eustaquio,Soccer,,True,False,SR,Canadian Elite,,,Stephen Eustaquio
Winter,Athlete,Michael,Evelyn,Bobsleigh,,True,False,SR,Canadian Elite,,,Michael Evelyn
Summer,Athlete,Thomas,Fafard,Athletics,,True,False,SR,Canadian Elite,,,Thomas Fafard
Summer,Athlete,Jordyn,Faiczak,Field Hockey,Active,True,True,SR,Canadian Elite,Female,,Jordyn Faiczak
Summer,Athlete,Hau-Li,Fan,Swimming,Active,True,True,SRI,Canadian Elite,Male,,Hau-Li Fan
Summer,Athlete,Thana,Fayad,Volleyball,Active,True,True,D,Canadian Elite,Female,,Thana Fayad
Winter,Athlete,Stefanie,Fleckenstein,Alpine Ski,Incomplete,True,False,C1,Canadian Elite,Female,,Stefanie Fleckenstein
Summer,Athlete,Jessie,Flemming,Soccer,,True,False,SR,Canadian Elite,,,Jessie Flemming
Summer,Athlete,Will,Floyd,Athletics,,True,False,D,Canadian Elite,,,Will Floyd
Summer,Athlete,Gabriella,Flynn,Trampoline,Incomplete,True,False,SR,Canadian Elite,Female,,Gabriella Flynn
Summer,Athlete,Renee,Foessel,Para Athletics,,True,False,SR1,Canadian Elite,,,Renee Foessel
Winter,Athlete,Charlie,Fontaine,Freestyle Ski,Incomplete,True,False,D,Canadian Elite,Female,,Charlie Fontaine
Winter,Athlete,Miha,Fontaine,Freestyle Ski,Incomplete,True,False,SR,Canadian Elite,Male,,Miha Fontaine
Winter,Athlete,Ina,Forrest,Wheelchair Curling,Incomplete,True,False,SR1,Canadian Elite,Female,,Ina Forrest
Summer,Athlete,Rachel,Forsyth,Athletics,,True,False,D,Canadian Elite,,,Rachel Forsyth
Summer,Athlete,Addisyn,Franceschini,Para Athletics,,True,False,SR,Canadian Elite,,,Addisyn Franceschini
Summer,Athlete,Larissa,Franklin,Softball,Active,True,True,SR2 ,Canadian Elite,Female,,Larissa Franklin
Winter,Athlete,Amy,Fraser,Freestyle Ski,Incomplete,True,False,SR,Canadian Elite,Female,,Amy Fraser
Summer,Athlete,Ethan,Fryer,Rugby,,True,False,D,Canadian Elite,,,Ethan Fryer
Summer,Athlete,Eric,Furtado Rodrigues,Wheelchair Rugby,,True,False,SR2 ,Canadian Elite,,,Eric Furtado Rodrigues
Summer,Athlete,Collyn,Gagne,Swimming,Active,True,True,SR,Canadian Elite,Male,,Collyn Gagne
Winter,Athlete,Jeremy,Gagne,Freestyle Ski,Incomplete,True,True,D,Canadian Elite,Male,,Jeremy Gagne
Winter,Athlete,Tiana,Gairns,Ski Cross,Incomplete,True,False,SR,Canadian Elite,Female,,Tiana Gairns
Summer,Athlete,Lauren,gale,Athletics,,True,False,SR1,Canadian Elite,,,Lauren gale
Winter,Athlete,Jennifer,Gardiner,Hockey,,True,False,D,Canadian Elite,,,Jennifer Gardiner
Summer,Athlete,Payton,Gauthier,Rowing,Incomplete,True,False,D,Canadian Elite,Male,,Payton Gauthier
Summer,Athlete,Jackie,Gay,Para Sailing,Active,True,True,SR,Canadian Elite,Female,,Jackie Gay
Summer,Athlete,John,Gay,Athletics,Active,True,True,SR,Canadian Elite,Male,,John Gay
Summer,Athlete,Adrianna,Giese,Soccer,Incomplete,True,False,D,Canadian Elite,Female,,Adrianna Giese
Winter,Athlete,Sascha,Gilbert,Alpine Ski,Incomplete,True,True,D,Canadian Elite,Male,,Sascha Gilbert
Summer,Athlete,Vanessa,Gilles,Soccer,,True,False,SR,Canadian Elite,,,Vanessa Gilles
Summer,Athlete,Zachary,Gingras,Para Athletics,,True,False,SR2 ,Canadian Elite,,,Zachary Gingras
Winter,Athlete,Dillan,Glennie,Freestyle Ski,Incomplete,True,False,SR1,Canadian Elite,Female,,Dillan Glennie
Summer,Athlete,Ana Paula,Godinez,Wrestling,,True,False,SR1,Canadian Elite,,,Ana Paula Godinez
Summer,Athlete,Ana Paula,Godinez Gonzalez,Wrestling,Incomplete,True,False,SR1,Canadian Elite,,,Ana Paula Godinez Gonzalez
Summer,Athlete,Luc,Goertzen,Diving,Active,True,True,D,Canadian Elite,Male,,Luc Goertzen
Winter,Athlete,Sam,Goodison,Freestyle Ski,Active,True,True,D,Canadian Elite,Male,,Sam Goodison
Summer,Athlete,Owen,Goodman,Soccer,,True,False,SR,Canadian Elite,,,Owen Goodman
Summer,Athlete,Sara,Goodman,Field Hockey,Active,True,True,SR,Canadian Elite,Female,,Sara Goodman
Winter,Athlete,Michaela,Gosselin,Para Alpine Ski,Incomplete,True,True,SR1,Canadian Elite,Female,,Michaela Gosselin
Summer,Athlete,Izzy,Goudros,Athletics,,True,False,D,Canadian Elite,,,Izzy Goudros
Winter,Athlete,Gracie,Graham,Hockey,,True,False,D,Canadian Elite,,,Gracie Graham
Summer,Athlete,Clara,Gravely,Sailing,Active,True,True,SR,Canadian Elite,Female,,Clara Gravely
Winter,Athlete,Cyrus,Gray,Bobsleigh,,True,False,D,Canadian Elite,,,Cyrus Gray
Winter,Athlete,Zander,Greco,Skeleton,Expired,True,True,D,Canadian Elite,Male,,Zander Greco
Winter,Athlete,Moira,Green,Biathlon,Active,True,True,SR,Canadian Elite,Female,,Moira Green
Summer,Athlete,Julia,Greenshields,Rugby,Active,True,True,GamePlan - Retired,Canadian Elite,Female,,Julia Greenshields
Summer,Athlete,Ben,Greenstein,Rugby,,True,False,D,Canadian Elite,,,Ben Greenstein
Summer,Athlete,Benjamin,Greenstein,Rugby,,True,False,D,Canadian Elite,,,Benjamin Greenstein
Summer,Athlete,Akash,Grewal,Beach Volleyball,Active,True,True,D,Canadian Elite,Female,,Akash Grewal
Winter,Athlete,Alexis,Guimond,Para Alpine Ski,Incomplete,True,False,SR1,Canadian Elite,Male,,Alexis Guimond
Winter,Athlete,Calla,Haaheim,Speed Skating,Active,True,True,C1,Canadian Elite,Female,,Calla Haaheim
Summer,Athlete,Sheriauna,Haase,Para Athletics,,True,False,SRI,Canadian Elite,,,Sheriauna Haase
Winter,Athlete,Kiersten,Hagen,Speed Skating,,True,False,C1,Canadian Elite,,,Kiersten Hagen
Summer,Athlete,Ben,Hagkull,Wheelchair Basketball,Active,True,True,D,Canadian Elite,Male,,Ben Hagkull
Winter,Athlete,Sandrine,Hamel,Para Snowboard,,True,False,SR1,Canadian Elite,,,Sandrine Hamel
Winter,Athlete,Julia,Hamilton,Skeleton,Active,True,True,D,Canadian Elite,Female,,Julia Hamilton
Winter,Athlete,Kieran,Hansen,Speed Skating,,True,False,C1,Canadian Elite,,,Kieran Hansen
Winter,Athlete,Maria,Hansen,Speed Skating,,True,False,C1,Canadian Elite,,,Maria Hansen
Summer,Athlete,Rowan,Harris,Field Hockey,Active,True,True,SR1,Canadian Elite,Female,,Rowan Harris
Summer,Athlete,Eleanor,Harvey,Fencing,Incomplete,True,False,SR1,Canadian Elite,Female,,Eleanor Harvey
Summer,Athlete,Abdullahi,Hassan,Athletics,Active,True,False,SR,Canadian Elite,Male,,Abdullahi Hassan
Winter,Athlete,Niamh,Haughey,Bobsleigh,Active,True,False,SR,Canadian Elite,Female,,Niamh Haughey
Summer,Athlete,Hannah,Haughn,Field Hockey,Active,True,True,SRI,Canadian Elite,Female,,Hannah Haughn
Summer,Athlete,Bo,Hedges,Wheelchair Basketball,Active,True,True,SR,Canadian Elite,Male,,Bo Hedges
Summer,Athlete,Eric,Hedlin,Swimming,,True,False,GamePlan - Retired,Canadian Elite,,,Eric Hedlin
Winter,Athlete,Mark,Hendrickson,Freestyle Ski,Active,True,True,SR,Canadian Elite,Male,,Mark Hendrickson
Summer,Athlete,Jayden,Hibbert,Soccer,,True,False,SR,Canadian Elite,,,Jayden Hibbert
Winter,Athlete,Carolina,Hiller,Speed Skating,,True,False,SR1,Canadian Elite,,,Carolina Hiller
Summer,Athlete,Carleigh,Hiltz,Para Athletics,Active,True,True,SR,Canadian Elite,Female,,Carleigh Hiltz
Summer,Athlete,Brodie,Hofer,Volleyball,Active,True,True,SR,Canadian Elite,Male,,Brodie Hofer
Winter,Athlete,Courtney,Hoffos,Ski Cross,Active,True,True,SR1,Canadian Elite,Female,,Courtney Hoffos
Summer,Athlete,Asia,Hogan-Rochester,Rugby,Incomplete,True,False,SR1,Canadian Elite,Female,,Asia Hogan-Rochester
Summer,Athlete,Junior,Hoilett,Soccer,,True,False,SR,Canadian Elite,,,Junior Hoilett
Winter,Athlete,Chris,Holmstead,Bobsleigh,Incomplete,True,False,D,Canadian Elite,Male,,Chris Holmstead
Winter,Athlete,Reece,Howden,Ski Cross,Active,True,True,SR1,Canadian Elite,Male,,Reece Howden
Summer,Athlete,Cooper,Humphreys,Golf,,True,False,SR,Canadian Elite,,,Cooper Humphreys
Winter,Athlete,Brendon,Hurst-Elias,Para Ice Hockey,Incomplete,True,True,D,Canadian Elite,Male,,Brendon Hurst-Elias
Winter,Athlete,Lewis,Irving,Freestyle Ski,,True,False,SR,Canadian Elite,,,Lewis Irving
Summer,Athlete,Jenn,Jackson,Cycling,Active,True,True,SR,Canadian Elite,Female,,Jenn Jackson
Summer,Athlete,Daniel,Jebbison,Soccer,,True,False,SR,Canadian Elite,,,Daniel Jebbison
Summer,Athlete,Mary,Jibb,Para Swimming,Active,True,True,SR1,Canadian Elite,Female,,Mary Jibb
Winter,Athlete,Francis,Jobin,Snowboard,,True,False,SR,Canadian Elite,,,Francis Jobin
Summer,Athlete,Thomas,Jodoin,Cycling,Active,True,True,D,Canadian Elite,Male,,Thomas Jodoin
Summer,Athlete,Karli,Johansen,Field Hockey,Active,True,True,SR,Canadian Elite,Female,,Karli Johansen
Summer,Athlete,Alistair,Johnston,Soccer,,True,False,SR,Canadian Elite,,,Alistair Johnston
Summer,Athlete,Alfie,Jones,Soccer,,True,False,SR,Canadian Elite,,,Alfie Jones
Summer,Athlete,Ian,Jones,Rugby,,True,False,D,Canadian Elite,,,Ian Jones
Summer,Athlete,Flrianne,Jourde,Soccer,,True,False,SR,Canadian Elite,,,Flrianne Jourde
Summer,Athlete,Sara,Kaljuvee,Rugby,Active,True,True,GamePlan - Retired,Canadian Elite,Female,,Sara Kaljuvee
Summer,Athlete,Rio,Kanda Kovac,Wheelchair Rugby,,True,False,SR,Canadian Elite,,,Rio Kanda Kovac
Summer,Athlete,Fillah,Karim,Sailing,Active,True,True,GamePlan - Retired,Canadian Elite,Male,,Fillah Karim
Winter,Athlete,Rachel,Karker,Freestyle Ski,,True,False,SR1,Canadian Elite,,,Rachel Karker
Winter,Athlete,Jake,Kertesz-Knight,Alpine Ski,Incomplete,True,False,D,Canadian Elite,Male,,Jake Kertesz-Knight
Winter,Athlete,Jesse,Kertesz-Knight,Alpine Ski,Incomplete,True,False,D,Canadian Elite,Male,,Jesse Kertesz-Knight
Summer,Athlete,Reese,Ketler,Wheelchair Rugby,,True,False,D,Canadian Elite,,,Reese Ketler
Winter,Athlete,Mikael,Kingsbury,Freestyle Ski,,True,False,SR1,Canadian Elite,,,Mikael Kingsbury
Summer,Athlete,Henry,Kirwan,Rugby,Active,True,True,D,Canadian Elite,Male,,Henry Kirwan
Summer,Athlete,Yuri,Kisil,Swimming,Active,True,True,SR1,Canadian Elite,Male,,Yuri Kisil
Summer,Athlete,Kristen,Kit,Rowing,Active,True,True,SR1,Canadian Elite,Female,,Kristen Kit
Summer,Athlete,Justyn,Knight,Athletics,,True,False,SR,Canadian Elite,,,Justyn Knight
Summer,Athlete,Jamie,Knight-Lebel,Soccer,,True,False,SR,Canadian Elite,,,Jamie Knight-Lebel
Summer,Athlete,Finlay,Knox,Swimming,Active,True,True,SR1,Canadian Elite,Male,,Finlay Knox
Winter,Athlete,Ashley,Koehler,Freestyle Ski,Incomplete,True,False,D,Canadian Elite,Female,,Ashley Koehler
Summer,Athlete,Ismael,Kone,Soccer,,True,False,SR,Canadian Elite,,,Ismael Kone
Summer,Athlete,Grace,Konrad,Athletics,Incomplete,True,False,SR2 ,Canadian Elite,Female,,Grace Konrad
Summer,Athlete,Melanie,Labelle,Wheelchair Rugby,,True,False,SR,Canadian Elite,,,Melanie Labelle
Summer,Athlete,Cloe,Lacasse,Soccer,,True,False,SR,Canadian Elite,,,Cloe Lacasse
Summer,Athlete,Brent,Lakatos,Wheelchair Athletics,,True,False,SR1,Canadian Elite,,,Brent Lakatos
Summer,Athlete,Genevi√®ve,Lalonde,Athletics,Active,True,True,SR,Canadian Elite,Female,,Genevi√®ve Lalonde
Winter,Athlete,Simon,Lamarche,Para Cross-Country Ski,Expired,True,True,D,Canadian Elite,Male,,Simon Lamarche
Summer,Athlete,Melissa,Langegger,Volleyball,Active,True,True,SR,Canadian Elite,Female,,Melissa Langegger
Summer,Athlete,Claudia,Laos Loo,Karate,Active,True,True,SR,Canadian Elite,Female,,Claudia Laos Loo
Summer,Athlete,Michael,Laplaine-Pereira,Rugby,Incomplete,True,False,D,Canadian Elite,Male,,Michael Laplaine-Pereira
Summer,Athlete,Marcia,LaPlante,Field Hockey,,True,False,SR,Canadian Elite,,,Marcia LaPlante
Summer,Athlete,Cyle,Larin,Soccer,,True,False,SR,Canadian Elite,,,Cyle Larin
Summer,Athlete,Clarissa,Larisey,Soccer,,True,False,SR,Canadian Elite,,,Clarissa Larisey
Winter,Athlete,Florence,Laroche,Freestyle Ski,Incomplete,True,False,D,Canadian Elite,Female,,Florence Laroche
Summer,Athlete,Richmond,Laryea,Soccer,,True,False,SR,Canadian Elite,,,Richmond Laryea
Summer,Athlete,Fabien,Lavoie,Wheelchair Rugby,,True,False,SR2 ,Canadian Elite,,,Fabien Lavoie
Summer,Athlete,Jessica,Law,Para Cycling,Active,True,True,D,Canadian Elite,Female,,Jessica Law
Summer,Athlete,Ashley,Lawrence,Soccer,,True,False,SR,Canadian Elite,,,Ashley Lawrence
Summer,Athlete,Emma,Lawson,Water Polo,Active,True,True,GamePlan - Retired,Canadian Elite,Female,,Emma Lawson
Summer,Athlete,Kathleen,Leahy,Field Hockey,Incomplete,True,False,GamePlan - Retired,Canadian Elite,Female,,Kathleen Leahy
Summer,Athlete,Marie-Eloise,Leclair,Athletics,,True,False,SR1,Canadian Elite,,,Marie-Eloise Leclair
Summer,Athlete,Audrey,Leduc,Athletics,,True,False,SR1,Canadian Elite,,,Audrey Leduc
Summer,Athlete,Victor,Lefebvre,Rowing,Active,True,True,D,Canadian Elite,Male,,Victor Lefebvre
Summer,Athlete,Adriana,Leon,Soccer,,True,False,SR,Canadian Elite,,,Adriana Leon
Summer,Athlete,Pierce,Lepage,Athletics,,True,False,SR2 ,Canadian Elite,,,Pierce Lepage
Winter,Athlete,Raphael,Lessard,Alpine Ski,,True,False,SR,Canadian Elite,,,Raphael Lessard
Summer,Athlete,Anthony,Letourneau,Wheelchair Rugby,,True,False,SR2 ,Canadian Elite,,,Anthony Letourneau
Summer,Athlete,Marie,Levasseur,Soccer,,True,False,SR,Canadian Elite,,,Marie Levasseur
Winter,Athlete,Jessie,Linton,Freestyle Ski,Incomplete,True,False,SR1,Canadian Elite,,,Jessie Linton
Summer,Athlete,Coltyn,Liu,Volleyball,Expired,True,True,D,Canadian Elite,Male,,Coltyn Liu
Summer,Athlete,Tara,Llanes,Wheelchair Basketball,Active,True,True,SR,Canadian Elite,Female,,Tara Llanes
Summer,Athlete,Aliyah,Logan,Athletics,,True,False,D,Canadian Elite,,,Aliyah Logan
Summer,Athlete,Aiden,Longcroft-Harris,Triathlon,Active,True,True,D,Canadian Elite,Male,,Aiden Longcroft-Harris
Winter,Athlete,Andrew,Longino,Freestyle Ski,,True,False,SR,Canadian Elite,,,Andrew Longino
Winter,Athlete,Melissa,Lotholz,Bobsleigh,,True,False,SR,Canadian Elite,,,Melissa Lotholz
Summer,Athlete,Noah,Louie,Field Hockey,Active,True,True,D,Canadian Elite,Male,,Noah Louie
Summer,Athlete,Keira,Lu,Diving,Active,True,True,D,Canadian Elite,Female,,Keira Lu
Summer,Athlete,Sienna,MacDonald,Athletics,Active,True,True,D,Canadian Elite,Female,,Sienna MacDonald
Winter,Athlete,Brendan,MacKay,Freestyle Ski,Incomplete,True,False,SR1,Canadian Elite,Male,,Brendan MacKay
Winter,Athlete,Rylind,MacKinnon,Hockey,,True,False,D,Canadian Elite,,,Rylind MacKinnon
Winter,Athlete,Hailey,MacLeod,Hockey,,True,False,D,Canadian Elite,,,Hailey MacLeod
Summer,Athlete,Zachary,Madell,Wheelchair Rugby,Active,True,True,SR2 ,Canadian Elite,Any/Combined,,Zachary Madell
Summer,Athlete,Jacqueline,Madogo,Athletics,,True,False,SR1,Canadian Elite,,,Jacqueline Madogo
Summer,Athlete,Shannon,Mah,Netball,Active,True,True,D,Canadian Elite,Female,,Shannon Mah
Winter,Athlete,Emeraude,Maheux,Snowboard,Active,True,True,SR,Canadian Elite,Female,,Emeraude Maheux
Winter,Athlete,Kris,Mahler,Ski Cross,,True,False,SR,Canadian Elite,,,Kris Mahler
Summer,Athlete,Brian,Malfesi,Canoe Kayak,Active,True,True,GamePlan - Retired,Canadian Elite,Male,,Brian Malfesi
Summer,Athlete,Foster,Malleck,Athletics,,True,False,D,Canadian Elite,,,Foster Malleck
Summer,Athlete,Zakary,Mama-Yari,Athletics,Active,True,True,D,Canadian Elite,Male,,Zakary Mama-Yari
Summer,Athlete,Flores,Marcelo,Soccer,,True,False,SR,Canadian Elite,,,Flores Marcelo
Winter,Athlete,Dylan,Marineau,Freestyle Ski,,True,False,SR,Canadian Elite,,,Dylan Marineau
Winter,Athlete,Evan,Marineau,Freestyle Ski,,True,False,D,Canadian Elite,,,Evan Marineau
Summer,Athlete,Giancarlo,Marquez,Water Polo,Active,True,True,D,Canadian Elite,Male,,Giancarlo Marquez
Summer,Athlete,Liam,Marrison,Squash,,True,False,SR,Canadian Elite,,,Liam Marrison
Summer,Athlete,Jahkeele,Marshall-Rutty,Soccer,,True,False,SR,Canadian Elite,,,Jahkeele Marshall-Rutty
Summer,Athlete,Emily,Martin,Athletics,,True,False,D,Canadian Elite,,,Emily Martin
Winter,Athlete,Alex,Massie,Para Snowboard,,True,False,SR1,Canadian Elite,,,Alex Massie
Summer,Athlete,Ceili,McCabe,Athletics,Incomplete,True,True,SR,Canadian Elite,Female,,Ceili McCabe
Summer,Athlete,Sade,McCreath,Athletics,,True,False,SR1,Canadian Elite,,,Sade McCreath
Summer,Athlete,William,McCreight,Wheelchair Rugby,Incomplete,True,False,D,Canadian Elite,Male,,William McCreight
Summer,Athlete,Flynn,McCulloch,Field Hockey,Active,True,True,D,Canadian Elite,Male,,Flynn McCulloch
Winter,Athlete,Evan,McEachran,Freestyle Ski,,True,False,SR,Canadian Elite,,,Evan McEachran
Winter,Athlete,Abby,McEwen,Ski Cross,Incomplete,True,False,SR2 ,Canadian Elite,Female,,Abby McEwen
Summer,Athlete,Thomas,McGill,Soccer,,True,False,SR,Canadian Elite,,,Thomas McGill
Summer,Athlete,Alison,McKay,Beach Volleyball,Active,True,True,GamePlan - Retired,Canadian Elite,Female,,Alison McKay
Summer,Athlete,Hayley,McKelvey,Water Polo,Active,True,True,SR1,Canadian Elite,Female,,Hayley McKelvey
Winter,Athlete,Audrey,McManiman,Snowboard,Incomplete,True,False,SR,Canadian Elite,Female,,Audrey McManiman
Summer,Athlete,Ashley,McMillan,Swimming,,True,False,SR2 ,Canadian Elite,,,Ashley McMillan
Winter,Athlete,Mark,McMorris,Snowboard,Active,True,True,SR1,Canadian Elite,Male,,Mark McMorris
Summer,Athlete,Talon,McMullin,Rugby,Active,True,True,D,Canadian Elite,Male,,Talon McMullin
Summer,Athlete,Kiefer,McNaughton,Field Hockey,Active,True,True,D,Canadian Elite,Male,,Kiefer McNaughton
Summer,Athlete,Hugh,McNeill,Swimming,Active,True,True,SR,Canadian Elite,Male,,Hugh McNeill
Summer,Athlete,Riley,Melanson,Canoe Kayak,Active,True,True,SR,Canadian Elite,Female,,Riley Melanson
Summer,Athlete,Gregoire,Mercier-No√´l,Volleyball,Active,True,True,D,Canadian Elite,Male,,Gregoire Mercier-No√´l
Summer,Athlete,Maya,Meschkuleit,Rowing,Active,True,True,SR,Canadian Elite,Female,,Maya Meschkuleit
Summer,Athlete,Bruce,Millar,Para Sailing,Active,True,True,SR,Canadian Elite,Any/Combined,,Bruce Millar
Summer,Athlete,Kamal,Millar,Soccer,,True,False,SR,Canadian Elite,,,Kamal Millar
Winter,Athlete,Hannah,Miller,Hockey,Active,True,True,SR,Canadian Elite,Female,,Hannah Miller
Summer,Athlete,Liam,Miller,Soccer,,True,False,SR,Canadian Elite,,,Liam Miller
Summer,Athlete,Brogan,Mior,Rugby,,True,False,D,Canadian Elite,,,Brogan Mior
Winter,Athlete,Kelsey,Mitchell,Bobsleigh,Incomplete,True,False,SR,Canadian Elite,Female,,Kelsey Mitchell
Winter,Athlete,Matthew,Mitchell,Speed Skating,Active,True,True,C1,Canadian Elite,Male,,Matthew Mitchell
Summer,Athlete,Sarah,Mitton,Athletics,Active,True,True,SR2 ,Canadian Elite,Female,,Sarah Mitton
Summer,Athlete,Jill,Moffatt,Rowing,Active,True,True,SR1,Canadian Elite,Female,,Jill Moffatt
Winter,Athlete,Max,Moffatt,Freestyle Ski,,True,False,SR,Canadian Elite,,,Max Moffatt
Winter,Athlete,Alexandra,Montminy,Freestyle Ski,,True,False,D,Canadian Elite,,,Alexandra Montminy
Summer,Athlete,Christopher,Morales Williams,Athletics,,True,False,SR,Canadian Elite,,,Christopher Morales Williams
Summer,Athlete,Josiah,Morra,Rugby,,True,False,SR,Canadian Elite,,,Josiah Morra
Winter,Athlete,Nadia,Moser,Biathlon,Active,True,True,GamePlan - Retired,Canadian Elite,Female,,Nadia Moser
Winter,Athlete,Kenny,M‚ÄôPindou,Bobsleigh,Incomplete,True,False,D,Canadian Elite,,,Kenny M‚ÄôPindou
Winter,Athlete,Evelyn,Mullie,Freestyle Ski,Incomplete,True,False,D,Canadian Elite,Female,,Evelyn Mullie
Summer,Athlete,Travis,Murao,Wheelchair Rugby,,True,False,SR2 ,Canadian Elite,,,Travis Murao
Summer,Athlete,Keira,Murphy,Cycling,Active,True,True,D,Canadian Elite,Female,,Keira Murphy
Summer,Athlete,Malachi,Murray,Athletics,,True,False,SR1,Canadian Elite,,,Malachi Murray
Winter,Athlete,Shaquille,Murray-Lawrence,Bobsleigh,Active,True,True,SR,Canadian Elite,Male,,Shaquille Murray-Lawrence
Summer,Athlete,Daniel,Muzaliwa,Rugby,Active,True,True,D,Canadian Elite,Male,,Daniel Muzaliwa
Winter,Athlete,Emile,Nadeau,Freestyle Ski,,True,False,SR,Canadian Elite,,,Emile Nadeau
Winter,Athlete,Philippe,Nadreau,Para Snowboard,,True,False,SR1,Canadian Elite,,,Philippe Nadreau
Summer,Athlete,Keira,Neal,Sitting Volleyball,Active,True,True,D,Canadian Elite,Female,,Keira Neal
Summer,Athlete,Alexandra,Neish Duncan,Equestrian,,True,False,SR,Canadian Elite,,,Alexandra Neish Duncan
Summer,Athlete,Jayden,Nelson,Soccer,,True,False,SR,Canadian Elite,,,Jayden Nelson
Summer,Athlete,Alysha,Newman,Athletics,,True,False,SR1,Canadian Elite,,,Alysha Newman
Summer,Athlete,Cody,Nhanala,Rugby,Active,True,True,GamePlan - Retired,Canadian Elite,Male,,Cody Nhanala
Summer,Athlete,Breanne,Nicholas,Rugby,Active,True,True,SR,Canadian Elite,Female,,Breanne Nicholas
Winter,Athlete,Anthony,Noel,Freestyle Ski,,True,False,D,Canadian Elite,,,Anthony Noel
Summer,Athlete,Devohn,Noronha Teixeira,Field Hockey,Active,True,True,SR,Canadian Elite,Male,,Devohn Noronha Teixeira
Winter,Athlete,Patrick,Norton,Bobsleigh,,True,False,SR,Canadian Elite,,,Patrick Norton
Summer,Athlete,Donna,Ntambue,Athletics,,True,False,D,Canadian Elite,,,Donna Ntambue
Winter,Athlete,Kurt,Oatway,Alpine Ski,Incomplete,True,False,SR,Canadian Elite,Male,,Kurt Oatway
Summer,Athlete,Kate,O‚ÄôBrien,Cycling,Active,True,True,SR1,Canadian Elite,Female,,Kate O‚ÄôBrien
Winter,Athlete,Meryeta,Odine,Snowboard,Active,True,True,SR,Canadian Elite,Female,,Meryeta Odine
Winter,Athlete,Gabrielle,Oetomo,Speed Skating,,True,False,C1,Canadian Elite,,,Gabrielle Oetomo
Winter,Athlete,Shane,Ohrt,Bobsleigh,,True,False,SR,Canadian Elite,,,Shane Ohrt
Summer,Athlete,Favour,Okpali,Athletics,,True,False,SR,Canadian Elite,,,Favour Okpali
Winter,Athlete,Bruce,Oldham,Freestyle Ski,Incomplete,True,False,D,Canadian Elite,Male,,Bruce Oldham
Winter,Athlete,Megan,Oldham,Freestyle Ski,Active,True,True,SR1,Canadian Elite,Female,,Megan Oldham
Summer,Athlete,Isaac,Olson,Rugby,Active,True,True,D,Canadian Elite,Male,,Isaac Olson
Summer,Athlete,Tani,Oluwaseyi,Soccer,,True,False,SR,Canadian Elite,,,Tani Oluwaseyi
Summer,Athlete,Julia,Omokhuale,Rugby,Active,True,True,D,Canadian Elite,Female,,Julia Omokhuale
Summer,Athlete,John,O'Reilly,Athletics,,True,False,D,Canadian Elite,,,John O'Reilly
Winter,Athlete,Eric,Orlowsky,Speed Skating,,True,False,C1,Canadian Elite,,,Eric Orlowsky
Summer,Athlete,Jonathan,Osorio,Soccer,,True,False,SR,Canadian Elite,,,Jonathan Osorio
Summer,Athlete,Justin,O'Toole,Athletics,,True,False,SR,Canadian Elite,,,Justin O'Toole
Summer,Athlete,Ella,Ottey,Soccer,,True,False,SR,Canadian Elite,,,Ella Ottey
Summer,Athlete,Guillaume,Ouellet,Para Athletics,,True,False,SR2 ,Canadian Elite,,,Guillaume Ouellet
Summer,Athlete,Brooke,Overholt,Athletics,,True,False,SR,Canadian Elite,,,Brooke Overholt
Summer,Athlete,Matthew,Oworu,Rugby,Active,True,True,SR,Canadian Elite,Male,,Matthew Oworu
Summer,Athlete,Sukhpal,Panesar,Field Hockey,,True,False,GamePlan - Retired,Canadian Elite,,,Sukhpal Panesar
Summer,Athlete,James,Pantemis,Soccer,,True,False,SR,Canadian Elite,,,James Pantemis
Summer,Athlete,Marrissa,Papaconstantinou,Para Athletics,,True,False,SR1,Canadian Elite,,,Marrissa Papaconstantinou
Winter,Athlete,Madeline,Parra,Skeleton,Active,True,True,D,Canadian Elite,Female,,Madeline Parra
Summer,Athlete,Janette,Peachey,Rowing,,True,False,D,Canadian Elite,,,Janette Peachey
Summer,Athlete,Katie,Pegg,Para Athletics,Active,True,True,SR1,Canadian Elite,Female,,Katie Pegg
Winter,Athlete,Benita,Peiffer,Biathlon,Active,True,True,SR,Canadian Elite,Female,,Benita Peiffer
Summer,Athlete,Taylor,Perry,Rugby,Incomplete,True,False,SR,Canadian Elite,Female,,Taylor Perry
Winter,Athlete,Samuel,Peters,Para Alpine Ski,Active,True,True,D,Canadian Elite,Male,,Samuel Peters
Winter,Athlete,Brittany,Phelan,Ski Cross,Active,True,True,SR1,Canadian Elite,Female,,Brittany Phelan
Summer,Athlete,Timothy,Piasentin,Baseball,,True,False,D,Canadian Elite,,,Timothy Piasentin
Summer,Athlete,Samuel,Piette,Soccer,,True,False,SR,Canadian Elite,,,Samuel Piette
Summer,Athlete,Kaylee,Plouffe,Volleyball,Incomplete,True,False,D,Canadian Elite,,,Kaylee Plouffe
Summer,Athlete,Simone,Plourde,Athletics,,True,False,SR,Canadian Elite,,,Simone Plourde
Summer,Athlete,Marie-Frederique,Poulin,Athletics,,True,False,D,Canadian Elite,,,Marie-Frederique Poulin
Summer,Athlete,Sabrina,Poulin,Rugby,Incomplete,True,False,SR,Canadian Elite,Female,,Sabrina Poulin
Summer,Athlete,Dawson,Pratt,Volleyball,,True,False,D,Canadian Elite,,,Dawson Pratt
Summer,Athlete,Delaney Baie,Pridham,Soccer,,True,False,SR,Canadian Elite,,,Delaney Baie Pridham
Winter,Athlete,Victor,Primeau,Freestyle Ski,,True,False,SR1,Canadian Elite,,,Victor Primeau
Summer,Athlete,Nichelle,Prince,Soccer,,True,False,SR,Canadian Elite,,,Nichelle Prince
Summer,Athlete,Cameron,Proceviat,Athletics,Active,True,True,SR,Canadian Elite,Male,,Cameron Proceviat
Summer,Athlete,Dianna,Proctor,Athletics,,True,False,D,Canadian Elite,,,Dianna Proctor
Summer,Athlete,Lysianne,Proulx,Soccer,,True,False,SR,Canadian Elite,,,Lysianne Proulx
Winter,Athlete,Luke,Puto,Bobsleigh,Incomplete,True,False,D,Canadian Elite,Male,,Luke Puto
Summer,Athlete,George,Quarcoo,Para Athletics,,True,False,SR,Canadian Elite,,,George Quarcoo
Summer,Athlete,Quinn,Quinn,Soccer,,True,False,SR,Canadian Elite,,,Quinn Quinn
Summer,Athlete,Yanick,Racicot,Wheelchair Rugby,,True,False,SR,Canadian Elite,,,Yanick Racicot
Summer,Athlete,Ryder,Rattee,Athletics,,True,False,D,Canadian Elite,,,Ryder Rattee
Winter,Athlete,Jeffrey,Read,Alpine Ski,Active,True,True,SR,Canadian Elite,Male,,Jeffrey Read
Winter,Athlete,Sebastien,Regnier,Skeleton,Active,True,True,D,Canadian Elite,Male,,Sebastien Regnier
Summer,Athlete,Megan,Reid,Soccer,,True,False,SR,Canadian Elite,,,Megan Reid
Summer,Athlete,Ashlyn,Renneberg,Para Athletics,Active,True,True,SR,Canadian Elite,Female,,Ashlyn Renneberg
Winter,Athlete,Bianca,Ribi,Bobsleigh,Incomplete,True,False,SR,Canadian Elite,Female,,Bianca Ribi
Summer,Athlete,David,Richard,Rugby,Active,True,True,SR,Canadian Elite,Male,,David Richard
Winter,Athlete,Dawn,Richardson Wilson,Bobsleigh,Incomplete,True,False,SR,Canadian Elite,Female,,Dawn Richardson Wilson
Summer,Athlete,Tianna,Rissling,Para Athletics,,True,False,D,Canadian Elite,,,Tianna Rissling
Summer,Athlete,Jayde,Riviere,Soccer,,True,False,SR,Canadian Elite,,,Jayde Riviere
Summer,Athlete,Kevin,Robertson,Athletics,Active,True,True,D,Canadian Elite,Male,,Kevin Robertson
Summer,Athlete,Kevin A,Robertson,Athletics,Active,True,True,D,Canadian Elite,Male,,Kevin A Robertson
Summer,Athlete,Mahalia,Robinson,Rugby,,True,False,D,Canadian Elite,,,Mahalia Robinson
Summer,Athlete,Kim,Robitaille,Volleyball,Active,True,True,SR,Canadian Elite,Female,,Kim Robitaille
Summer,Athlete,Brendon,Rodney,Athletics,,True,False,SR1,Canadian Elite,,,Brendon Rodney
Summer,Athlete,Deanne,Rose,Soccer,,True,False,SR,Canadian Elite,,,Deanne Rose
Summer,Athlete,Jade,Rose,Soccer,,True,False,SR,Canadian Elite,,,Jade Rose
Summer,Athlete,Justin,Rose,Athletics,,True,False,D,Canadian Elite,,,Justin Rose
Summer,Athlete,Nyah,Rose,Soccer,,True,False,SR,Canadian Elite,,,Nyah Rose
Winter,Athlete,Charlotte,Ross,Bobsleigh,Active,True,True,D,Canadian Elite,Female,,Charlotte Ross
Winter,Athlete,Gavin,Rowell,Ski Cross,Incomplete,True,False,SR2 ,Canadian Elite,Male,,Gavin Rowell
Winter,Athlete,Brian,Rowland,Para Alpine Ski,Incomplete,True,True,SR,Canadian Elite,Male,,Brian Rowland
Summer,Athlete,Taylor,Ruck,Swimming,Active,True,True,SR1,Canadian Elite,Female,,Taylor Ruck
Summer,Athlete,Amanda,Rummery,Para Athletics,,True,False,SR1,Canadian Elite,,,Amanda Rummery
Summer,Athlete,Jacen,Russell-Rowe,Soccer,,True,False,SR,Canadian Elite,,,Jacen Russell-Rowe
Summer,Athlete,Aurora,Rynda,Athletics,,True,False,D,Canadian Elite,,,Aurora Rynda
Summer,Athlete,Kal,Sager,Rugby,,True,False,SR,Canadian Elite,,,Kal Sager
Summer,Athlete,Nathan-Dylan,Saliba,Soccer,,True,False,SR,Canadian Elite,,,Nathan-Dylan Saliba
Winter,Athlete,Simon,Salisbury,Skeleton,Active,True,True,D,Canadian Elite,Male,,Simon Salisbury
Summer,Athlete,Vicky,Savard,Volleyball,Active,True,True,SR,Canadian Elite,Female,,Vicky Savard
Summer,Athlete,Madeleine,Scarth,Water Polo,,True,False,D,Canadian Elite,,,Madeleine Scarth
Winter,Athlete,Hannah,Schmidt,Ski Cross,,True,False,SR,Canadian Elite,,,Hannah Schmidt
Winter,Athlete,Jared,Schmidt,Ski Cross,,True,False,SR,Canadian Elite,,,Jared Schmidt
Summer,Athlete,Jordan,Schnitzer,Volleyball,,True,False,SR,Canadian Elite,,,Jordan Schnitzer
Summer,Athlete,Oliver,Scholfield,Field Hockey,Active,True,True,SR,Canadian Elite,Male,,Oliver Scholfield
Winter,Athlete,Maia,Schwinghammer,Freestyle Ski,Active,True,True,SR1,Canadian Elite,Female,,Maia Schwinghammer
Summer,Athlete,Krissy,Scurfield,Rugby,,True,False,SR1,Canadian Elite,,,Krissy Scurfield
Winter,Athlete,Brodie,Seger,Alpine Ski,Active,True,True,SR,Canadian Elite,Male,,Brodie Seger
Winter,Athlete,Riley,Seger,Alpine Ski,Active,True,True,SR1,Canadian Elite,Male,,Riley Seger
Summer,Athlete,Shoshanah,Seumanutafa,Rugby,Active,True,True,D,Canadian Elite,Female,,Shoshanah Seumanutafa
Summer,Athlete,Jacob,Shaffelburg,Soccer,,True,False,SR,Canadian Elite,,,Jacob Shaffelburg
Summer,Athlete,Junzhe(Simon),Shan,Fencing,Incomplete,True,False,D,Canadian Elite,Male,,Junzhe(Simon) Shan
Summer,Athlete,Nandini,Sharma,Wheelchair Athletics,Incomplete,True,False,SR,Canadian Elite,Female,,Nandini Sharma
Winter,Athlete,Cassie,Sharpe,Freestyle Ski,,True,False,SR1,Canadian Elite,,,Cassie Sharpe
Summer,Athlete,Jack,Shaw,Rugby,Incomplete,True,False,D,Canadian Elite,Male,,Jack Shaw
Summer,Athlete,Zoe,Sherar,Athletics,,True,False,SR1,Canadian Elite,,,Zoe Sherar
Summer,Athlete,Kailen,Sheridan,Soccer,,True,False,SR,Canadian Elite,,,Kailen Sheridan
Winter,Athlete,India,Sherret,Ski Cross,Incomplete,True,False,SR,Canadian Elite,Female,,India Sherret
Summer,Athlete,Jinaye,Shomachuck,Athletics,,True,False,D,Canadian Elite,,,Jinaye Shomachuck
Summer,Athlete,Jazz,Shukla,Athletics,Active,True,True,SR,Canadian Elite,Female,,Jazz Shukla
Summer,Athlete,Jyoth,Sidhu,Field Hockey,Active,True,True,D,Canadian Elite,Male,,Jyoth Sidhu
Winter,Athlete,Skylar,Sieben,Bobsleigh,Incomplete,True,False,SR,Canadian Elite,Female,,Skylar Sieben
Summer,Athlete,Niko,Sigur,Soccer,,True,False,SR,Canadian Elite,,,Niko Sigur
Summer,Athlete,Patrice,Simard,Wheelchair Rugby,,True,False,SR2 ,Canadian Elite,,,Patrice Simard
Summer,Athlete,Gurpreet,Singh,Field Hockey,Active,True,True,D,Canadian Elite,Male,,Gurpreet Singh
Winter,Athlete,Amelia,Smart,Alpine Ski,Incomplete,True,False,SR,Canadian Elite,Female,,Amelia Smart
Summer,Athlete,Austin,Smeenk,Wheelchair Athletics,Incomplete,True,False,SRI,Canadian Elite,Male,,Austin Smeenk
Winter,Athlete,Beth,Smith,Speed Skating,Active,True,True,C1,Canadian Elite,Female,,Beth Smith
Winter,Athlete,Sierra,Smith,Para Alpine Ski,Incomplete,True,False,SR,Canadian Elite,Female,,Sierra Smith
Winter,Athlete,Truth,Smith,Snowboard,Active,True,True,SR,Canadian Elite,Male,,Truth Smith
Summer,Athlete,John,Smythe,Field Hockey,,True,False,GamePlan - Retired,Canadian Elite,,,John Smythe
Summer,Athlete,Janine,Sonis,Soccer,,True,False,SR,Canadian Elite,,,Janine Sonis
Summer,Athlete,Natalie,Sourisseau,Field Hockey,Active,True,True,SR,Canadian Elite,Female,,Natalie Sourisseau
Winter,Athlete,Cameron,Spalding,Snowboard,Active,True,True,SR1,Canadian Elite,Male,,Cameron Spalding
Summer,Athlete,Thomas,Staples,Sailing,Active,True,True,SR,Canadian Elite,Male,,Thomas Staples
Summer,Athlete,William,Staples,Sailing,Active,True,True,SR,Canadian Elite,Male,,William Staples
Summer,Athlete,Dayne,St. Clair,Soccer,,True,False,SR,Canadian Elite,,,Dayne St. Clair
Summer,Athlete,Kennedi,Stevenson,Rugby,,True,False,D,Canadian Elite,,,Kennedi Stevenson
Summer,Athlete,Greg,Stewart,Para Athletics,Active,True,True,SR,Canadian Elite,Male,,Greg Stewart
Summer,Athlete,Bianca,St-Georges,Soccer,,True,False,SR,Canadian Elite,,,Bianca St-Georges
Winter,Athlete,Luka,Stoikos,Bobsleigh,Incomplete,True,False,D,Canadian Elite,,,Luka Stoikos
Summer,Athlete,Savannah,Sutherland,Athletics,,True,False,SR1,Canadian Elite,,,Savannah Sutherland
Summer,Athlete,Jenica,Swartz,Athletics,,True,False,SR1,Canadian Elite,,,Jenica Swartz
Summer,Athlete,Christopher,Tardif,Field Hockey,,True,False,SR,Canadian Elite,,,Christopher Tardif
Summer,Athlete,Leanne Marie,Taylor,Para Triathlon,Active,True,True,SR,Canadian Elite,Female,,Leanne Marie Taylor
Summer,Athlete,John,Tee,Goalball,,True,False,D,Canadian Elite,,,John Tee
Winter,Athlete,Joshua,Telizyn,Speed Skating,Active,True,True,C1,Canadian Elite,Male,,Joshua Telizyn
Winter,Athlete,Marion,Th√©nault,Freestyle Ski,Incomplete,True,False,SR1,Canadian Elite,Female,,Marion Th√©nault
Summer,Athlete,Natalie,Thirsk,Para Athletics,,True,False,SR,Canadian Elite,,,Natalie Thirsk
Summer,Athlete,Chloe,Thomas,Athletics,,True,False,D,Canadian Elite,,,Chloe Thomas
Winter,Athlete,Broderick,Thompson,Alpine Ski,Incomplete,True,False,SR1,Canadian Elite,Male,,Broderick Thompson
Winter,Athlete,Marielle,Thompson,Ski Cross,Active,True,True,SR1,Canadian Elite,Female,,Marielle Thompson
Summer,Athlete,Reece,Thompson,Rugby,Active,True,True,D,Canadian Elite,Male,,Reece Thompson
Summer,Athlete,Craig,Thorne,Athletics,,True,False,SR,Canadian Elite,,,Craig Thorne
Summer,Athlete,Addy,Townsend,Athletics,Expired,True,True,SR,Canadian Elite,Female,,Addy Townsend
Summer,Athlete,Maeliss,Trapeau,Athletics,,True,False,SR,Canadian Elite,,,Maeliss Trapeau
Summer,Athlete,Nate,Tucker,Para Athletics,Incomplete,True,False,SR1,Canadian Elite,Male,,Nate Tucker
Summer,Athlete,Julia,Tunks,Athletics,,True,False,D,Canadian Elite,,,Julia Tunks
Winter,Athlete,Naomi,Urness,Freestyle Ski,Active,True,True,D,Canadian Elite,Female,,Naomi Urness
Winter,Athlete,Elliot,Vaillancourt,Freestyle Ski,Incomplete,True,False,SR,Canadian Elite,Male,,Elliot Vaillancourt
Summer,Athlete,Grace,VandenBroek,Rowing,Active,True,True,SR,Canadian Elite,Female,,Grace VandenBroek
Summer,Athlete,Jonas,Van Huizen,Volleyball,,True,False,D,Canadian Elite,,,Jonas Van Huizen
Summer,Athlete,Carla,Van Zyl,Judo,Incomplete,True,False,SR,Canadian Elite,Female,,Carla Van Zyl
Winter,Athlete,Julien,Viel,Freestyle Ski,Incomplete,True,False,SR1,Canadian Elite,Male,,Julien Viel
Summer,Athlete,Evelyne,Viens,Soccer,,True,False,SR,Canadian Elite,,,Evelyne Viens
Winter,Athlete,Erica,Voss,Bobsleigh,Incomplete,True,False,SR,Canadian Elite,Female,,Erica Voss
Summer,Athlete,Noah,Vucsics,Para Athletics,,True,False,SR1,Canadian Elite,,,Noah Vucsics
Winter,Athlete,Leah,Walkeden,Bobsleigh,Active,True,False,SR,Canadian Elite,Female,,Leah Walkeden
Winter,Athlete,Liam,Wallace,Alpine Ski,,True,False,SR,Canadian Elite,,,Liam Wallace
Winter,Athlete,Devin,Wardrope,Luge,Active,True,True,SR,Canadian Elite,Male,,Devin Wardrope
Summer,Athlete,Damien,Warner,Athletics,,True,False,SR2 ,Canadian Elite,,,Damien Warner
Summer,Athlete,Joel,Waterman,Soccer,,True,False,SR,Canadian Elite,,,Joel Waterman
Winter,Athlete,Reid,Watts,Luge,Expired,True,True,GamePlan - Retired,Canadian Elite,Male,,Reid Watts
Summer,Athlete,Stephen,Webb,Rugby,,True,False,D,Canadian Elite,,,Stephen Webb
Summer,Athlete,Brock,Webster,Rugby,Active,True,True,SR1,Canadian Elite,Male,,Brock Webster
Summer,Athlete,Nolan,Weinmeyer,Baseball,,True,False,D,Canadian Elite,,,Nolan Weinmeyer
Summer,Athlete,Thomas,Wells Richards,Rugby,,True,False,D,Canadian Elite,,,Thomas Wells Richards
Summer,Athlete,Matthys,Weststrate,Volleyball,Active,True,True,D,Canadian Elite,Male,,Matthys Weststrate
Summer,Athlete,Jalon,White,Athletics,,True,False,D,Canadian Elite,,,Jalon White
Summer,Athlete,Carly,Wickenheiser,Soccer,,True,False,SR,Canadian Elite,,,Carly Wickenheiser
Winter,Athlete,Natalie,Wilkie,Para Cross-Country Ski,Active,True,True,SR1,Canadian Elite,Female,,Natalie Wilkie
Summer,Athlete,Ingrid,Wilm,Swimming,Active,True,True,SR1,Canadian Elite,Female,,Ingrid Wilm
Winter,Athlete,Eden,Wilson,Bobsleigh,,True,False,D,Canadian Elite,,,Eden Wilson
Summer,Athlete,Natasha,Wodak,Athletics,Active,True,True,SR,Canadian Elite,Female,,Natasha Wodak
Summer,Athlete,Carter,Woods,Cycling,,True,False,D,Canadian Elite,,,Carter Woods
Winter,Athlete,Hugo,Yang,Speed Skating,,True,False,C1,Canadian Elite,,,Hugo Yang
Summer,Athlete,Shelina,Zadorsky,Soccer,,True,False,SR,Canadian Elite,,,Shelina Zadorsky
Winter,Athlete,Micah,Zandee-Hart,Hockey,Active,True,True,SR2 ,Canadian Elite,Female,,Micah Zandee-Hart
Winter,Athlete,Mark,Zanette,Bobsleigh,Incomplete,True,False,SR,Canadian Elite,Male,,Mark Zanette
Summer,Athlete,Carling,Zeeman,Rowing,Active,True,True,SR,Canadian Elite,Female,,Carling Zeeman
Summer,Athlete,Ahmad,Zeividavi,Goalball,,True,False,SRI,Canadian Elite,,,Ahmad Zeividavi
Summer,Athlete,Jesse,Zesseu,Para Athletics,,True,False,SR1,Canadian Elite,,,Jesse Zesseu
Summer,Athlete,Mo,Zhang,Table Tennis,Incomplete,True,False,SR,Canadian Elite,Female,,Mo Zhang
